資料名,資料名ヨミ,資料名（副書名含む）,編著者,出版者,刊行年、書写年等,冊数,請求記号,注記,異なりアクセスタイトル,解説URL,＜日本語＞コレクション名,＜英語＞コレクション名,巻号,Series Alternative,iiif viewer,ID,ウェブサイトURL,アイテムURL,利用条件,サムネイル,機械可読ドキュメント,帰属,viewingDirection,viewingHint,コレクション,ソート用項目,西暦,IIIFマニフェストURI,IIIF Search API URI,アノテーション付きIIIFマニフェストURI,Link to TAPAS Project,Text with Rich Text Format,# of media
dcterms:title,dcndl:transcription,dcterms:alternative,dcterms:creator,dcterms:publisher,dcterms:date,dcterms:extent,dcndl:callNumber,dcterms:description,dcndl:alternative,archiveshub:note,dcndl:seriesTitle,dcndl:seriesTitleTranscription,dcndl:volume,dcndl:seriesAlternative,iiif viewer,bibo:identifier,dcterms:isPartOf,dcterms:relation,dcterms:rights,foaf:thumbnail,rdfs:seeAlso,sc:attributionLabel,sc:viewingDirection,sc:viewingHint,uterms:databaseLabel,uterms:sort,uterms:year,uterms:manifestUri,uterms:searchApiUri,uterms:annotedManifest,uterms:linkToTapas,uterms:rtf,6773
國牛十圖,コクギュウ ジュウズ,國牛十圖,河東牧童甯直麿 [画],,安永7 [1778],1軸,和:7,"写本、巻子本、彩色図版
書名は題簽による
巻末に「安永七年歳次戊戌五月二日摹 左亰 藤貞幹」とあり
巻首に「國牛十圖叙文ノ首闕惜ヘシ又牛圖十アルヘシ今所存九ツ若一圖逸スルカ他日全本ヲ得ルヲ俟 安永七年歳次戊戌五月 藤貞幹」とあり
印記: 「游戯三昧院」,「文珠庵印」",,http://www.lib.a.u-tokyo.ac.jp/tenji/125/04.html,農学生命科学図書館コレクション,"Agri. Library, UTokyo Collection",,"University Library for Agricultural and Life Sciences, the University of Tokyo Collection",http://tify.sub.uni-goettingen.de/demo.html?manifest=https://archdataset.dl.itc.u-tokyo.ac.jp/manifest/d9115c2c-6c49-1f2b-515e-c67ea4332ab9.json,d9115c2c-6c49-1f2b-515e-c67ea4332ab9,https://iiif.dl.itc.u-tokyo.ac.jp/repo/s/agriculture/,https://iiif.dl.itc.u-tokyo.ac.jp/repo/s/agriculture/document/d9115c2c-6c49-1f2b-515e-c67ea4332ab9,https://www.lib.u-tokyo.ac.jp/ja/library/contents/archives-top/reuse,https://iiif.dl.itc.u-tokyo.ac.jp/repo/files/medium/a854fb44d17ab0f9f5bd95a2637c311ae0149a3a.jpg,https://iiif.dl.itc.u-tokyo.ac.jp/repo/api/items/275040,"東京大学農学生命科学研究科・農学部 / Graduate School of Agricultural and Life Sciences/Faculty of Agriculture, The University of Tokyo",http://iiif.io/api/presentation/2#rightToLeftDirection,,"農学生命科学図書館コレクション|University Library for Agricultural and Life Sciences, the
University of Tokyo Collection",001,,https://iiif.dl.itc.u-tokyo.ac.jp/repo/iiif/d9115c2c-6c49-1f2b-515e-c67ea4332ab9/manifest,,,,,13
東京帝國大學農學部建物位置圖,トウキョウ テイコク ダイガク ノウガクブ タテモノ イチ ズ,東京帝國大學農學部建物位置圖 : 大正十一年四月一日現在,[東京帝國大學農學部],,[大正11(1922)],地図1枚 +付図1枚,和:26,"縮尺: 1:600
書名上部に""東京府荏原郡目黒村、世田谷村豊多摩郡代々幡町、澁谷町""とあり",東京帝国大学農学部建物位置図 : 大正11年4月1日現在,,農学生命科学図書館コレクション,"Agri. Library, UTokyo Collection",,"University Library for Agricultural and Life Sciences, the University of Tokyo Collection",http://tify.sub.uni-goettingen.de/demo.html?manifest=https://archdataset.dl.itc.u-tokyo.ac.jp/manifest/6d032fb5-0a2f-6e04-9e3c-6bb5f604714f.json,6d032fb5-0a2f-6e04-9e3c-6bb5f604714f,https://iiif.dl.itc.u-tokyo.ac.jp/repo/s/agriculture/,https://iiif.dl.itc.u-tokyo.ac.jp/repo/s/agriculture/document/6d032fb5-0a2f-6e04-9e3c-6bb5f604714f,https://www.lib.u-tokyo.ac.jp/ja/library/contents/archives-top/reuse,https://iiif.dl.itc.u-tokyo.ac.jp/repo/files/medium/ce5758680ca575da5f3a2c7c1a4efb30ec0575e9.jpg,https://iiif.dl.itc.u-tokyo.ac.jp/repo/api/items/275041,"東京大学農学生命科学研究科・農学部 / Graduate School of Agricultural and Life Sciences/Faculty of Agriculture, The University of Tokyo",http://iiif.io/api/presentation/2#rightToLeftDirection,,"農学生命科学図書館コレクション|University Library for Agricultural and Life Sciences, the University of Tokyo Collection",002,,https://iiif.dl.itc.u-tokyo.ac.jp/repo/iiif/6d032fb5-0a2f-6e04-9e3c-6bb5f604714f/manifest,,,,,29
東京帝國大學本部構内及農學部建物鳥瞰圖,トウキョウ テイコク ダイガク ホンブ コウナイ オヨビ ノウガクブ タテモノ チョウカン ズ,東京帝國大學本部構内及農學部建物鳥瞰圖 : 昭和十二年六月卅日現在,[東京帝國大學],,[昭和12(1937)],地図1枚,和:27,"枠外に""東京印刷株式會社印売""とあり",東京帝国大学本部構内及農学部建物鳥瞰図 : 昭和12年6月30日現在,,農学生命科学図書館コレクション,"Agri. Library, UTokyo Collection",,"University Library for Agricultural and Life Sciences, the University of Tokyo Collection",http://tify.sub.uni-goettingen.de/demo.html?manifest=https://archdataset.dl.itc.u-tokyo.ac.jp/manifest/187cc82d-11e6-9912-9dd4-b4cca9b10970.json,187cc82d-11e6-9912-9dd4-b4cca9b10970,https://iiif.dl.itc.u-tokyo.ac.jp/repo/s/agriculture/,https://iiif.dl.itc.u-tokyo.ac.jp/repo/s/agriculture/document/187cc82d-11e6-9912-9dd4-b4cca9b10970,https://www.lib.u-tokyo.ac.jp/ja/library/contents/archives-top/reuse,https://iiif.dl.itc.u-tokyo.ac.jp/repo/files/medium/1ba32e3f0ffc84f504e4cc1d53c7cfe7bc88d7db.jpg,https://iiif.dl.itc.u-tokyo.ac.jp/repo/api/items/275042,"東京大学農学生命科学研究科・農学部 / Graduate School of Agricultural and Life Sciences/Faculty of Agriculture, The University of Tokyo",http://iiif.io/api/presentation/2#rightToLeftDirection,,"農学生命科学図書館コレクション|University Library for Agricultural and Life Sciences, the University of Tokyo Collection",003,,https://iiif.dl.itc.u-tokyo.ac.jp/repo/iiif/187cc82d-11e6-9912-9dd4-b4cca9b10970/manifest,,,,,6
農科大學桑樹見本園各種摺葉譜 一,ノウカ ダイガク ソウジュ ミホンエン カクシュ ショウヨウフ,,佐々木忠次郎 [著],,大正7年(1918)12月序,,630:90:1,,,,農学生命科学図書館コレクション,"Agri. Library, UTokyo Collection",,"University Library for Agricultural and Life Sciences, the University of Tokyo Collection",http://tify.sub.uni-goettingen.de/demo.html?manifest=https://archdataset.dl.itc.u-tokyo.ac.jp/manifest/3e6f484d-a4e0-7073-4365-b287924d423a.json,3e6f484d-a4e0-7073-4365-b287924d423a,https://iiif.dl.itc.u-tokyo.ac.jp/repo/s/agriculture,https://iiif.dl.itc.u-tokyo.ac.jp/repo/s/agriculture/document/3e6f484d-a4e0-7073-4365-b287924d423a,https://www.lib.u-tokyo.ac.jp/ja/library/contents/archives-top/reuse,https://iiif.dl.itc.u-tokyo.ac.jp/repo/files/medium/dfb6622529735856cf83a97769bb6837c181d6ff.jpg,https://iiif.dl.itc.u-tokyo.ac.jp/repo/api/items/439369,"東京大学農学生命科学研究科・農学部 / Graduate School of Agricultural and Life Sciences/Faculty of Agriculture, The University of Tokyo",,,"農学生命科学図書館コレクション|University Library for Agricultural and Life Sciences, the University of Tokyo Collection",004,,https://iiif.dl.itc.u-tokyo.ac.jp/repo/iiif/3e6f484d-a4e0-7073-4365-b287924d423a/manifest,,,,,171
農科大學桑樹見本園各種摺葉譜 二,ノウカ ダイガク ソウジュ ミホンエン カクシュ ショウヨウフ,,佐々木忠次郎 [著],,大正7年(1918)12月序,,630:90:2,,,,農学生命科学図書館コレクション,"Agri. Library, UTokyo Collection",,"University Library for Agricultural and Life Sciences, the University of Tokyo Collection",http://tify.sub.uni-goettingen.de/demo.html?manifest=https://archdataset.dl.itc.u-tokyo.ac.jp/manifest/f3bfde97-6dfb-3f09-33af-0c615a250268.json,f3bfde97-6dfb-3f09-33af-0c615a250268,https://iiif.dl.itc.u-tokyo.ac.jp/repo/s/agriculture,https://iiif.dl.itc.u-tokyo.ac.jp/repo/s/agriculture/document/f3bfde97-6dfb-3f09-33af-0c615a250268,https://www.lib.u-tokyo.ac.jp/ja/library/contents/archives-top/reuse,https://iiif.dl.itc.u-tokyo.ac.jp/repo/files/medium/32e2196c46703505110c06bdbf92fa9ad8ca481c.jpg,https://iiif.dl.itc.u-tokyo.ac.jp/repo/api/items/439370,"東京大学農学生命科学研究科・農学部 / Graduate School of Agricultural and Life Sciences/Faculty of Agriculture, The University of Tokyo",,,"農学生命科学図書館コレクション|University Library for Agricultural and Life Sciences, the University of Tokyo Collection",005,,https://iiif.dl.itc.u-tokyo.ac.jp/repo/iiif/f3bfde97-6dfb-3f09-33af-0c615a250268/manifest,,,,,173
農科大學桑樹見本園各種摺葉譜 三,ノウカ ダイガク ソウジュ ミホンエン カクシュ ショウヨウフ,,佐々木忠次郎 [著],,大正7年(1918)12月序,,630:90:3,,,,農学生命科学図書館コレクション,"Agri. Library, UTokyo Collection",,"University Library for Agricultural and Life Sciences, the University of Tokyo Collection",http://tify.sub.uni-goettingen.de/demo.html?manifest=https://archdataset.dl.itc.u-tokyo.ac.jp/manifest/a09fc5f4-8edc-0d46-7340-e2768dbf7a05.json,a09fc5f4-8edc-0d46-7340-e2768dbf7a05,https://iiif.dl.itc.u-tokyo.ac.jp/repo/s/agriculture,https://iiif.dl.itc.u-tokyo.ac.jp/repo/s/agriculture/document/a09fc5f4-8edc-0d46-7340-e2768dbf7a05,https://www.lib.u-tokyo.ac.jp/ja/library/contents/archives-top/reuse,https://iiif.dl.itc.u-tokyo.ac.jp/repo/files/medium/67749c791401a4d15b01ec7720cf21569b4c7c67.jpg,https://iiif.dl.itc.u-tokyo.ac.jp/repo/api/items/439371,"東京大学農学生命科学研究科・農学部 / Graduate School of Agricultural and Life Sciences/Faculty of Agriculture, The University of Tokyo",,,"農学生命科学図書館コレクション|University Library for Agricultural and Life Sciences, the University of Tokyo Collection",006,,https://iiif.dl.itc.u-tokyo.ac.jp/repo/iiif/a09fc5f4-8edc-0d46-7340-e2768dbf7a05/manifest,,,,,178
農科大學桑樹見本園各種摺葉譜 四,ノウカ ダイガク ソウジュ ミホンエン カクシュ ショウヨウフ,,佐々木忠次郎 [著],,大正7年(1918)12月序,,630:90:4,,,,農学生命科学図書館コレクション,"Agri. Library, UTokyo Collection",,"University Library for Agricultural and Life Sciences, the University of Tokyo Collection",http://tify.sub.uni-goettingen.de/demo.html?manifest=https://archdataset.dl.itc.u-tokyo.ac.jp/manifest/9c79a3bb-34da-25bf-4243-4ba1709556a9.json,9c79a3bb-34da-25bf-4243-4ba1709556a9,https://iiif.dl.itc.u-tokyo.ac.jp/repo/s/agriculture,https://iiif.dl.itc.u-tokyo.ac.jp/repo/s/agriculture/document/9c79a3bb-34da-25bf-4243-4ba1709556a9,https://www.lib.u-tokyo.ac.jp/ja/library/contents/archives-top/reuse,https://iiif.dl.itc.u-tokyo.ac.jp/repo/files/medium/a9c54d326cbc953cde434434eb26b6b81614129c.jpg,https://iiif.dl.itc.u-tokyo.ac.jp/repo/api/items/439372,"東京大学農学生命科学研究科・農学部 / Graduate School of Agricultural and Life Sciences/Faculty of Agriculture, The University of Tokyo",,,"農学生命科学図書館コレクション|University Library for Agricultural and Life Sciences, the University of Tokyo Collection",007,,https://iiif.dl.itc.u-tokyo.ac.jp/repo/iiif/9c79a3bb-34da-25bf-4243-4ba1709556a9/manifest,,,,,142
農科大學桑樹見本園各種摺葉譜 五,ノウカ ダイガク ソウジュ ミホンエン カクシュ ショウヨウフ,,佐々木忠次郎 [著],,大正7年(1918)12月序,,630:90:5,,,,農学生命科学図書館コレクション,"Agri. Library, UTokyo Collection",,"University Library for Agricultural and Life Sciences, the University of Tokyo Collection",http://tify.sub.uni-goettingen.de/demo.html?manifest=https://archdataset.dl.itc.u-tokyo.ac.jp/manifest/58f3ea6c-3626-9cbb-6cf8-33078f6e41bc.json,58f3ea6c-3626-9cbb-6cf8-33078f6e41bc,https://iiif.dl.itc.u-tokyo.ac.jp/repo/s/agriculture,https://iiif.dl.itc.u-tokyo.ac.jp/repo/s/agriculture/document/58f3ea6c-3626-9cbb-6cf8-33078f6e41bc,https://www.lib.u-tokyo.ac.jp/ja/library/contents/archives-top/reuse,https://iiif.dl.itc.u-tokyo.ac.jp/repo/files/medium/876c4079f5ebc054fab75c39ed25b18448581072.jpg,https://iiif.dl.itc.u-tokyo.ac.jp/repo/api/items/439373,"東京大学農学生命科学研究科・農学部 / Graduate School of Agricultural and Life Sciences/Faculty of Agriculture, The University of Tokyo",,,"農学生命科学図書館コレクション|University Library for Agricultural and Life Sciences, the University of Tokyo Collection",008,,https://iiif.dl.itc.u-tokyo.ac.jp/repo/iiif/58f3ea6c-3626-9cbb-6cf8-33078f6e41bc/manifest,,,,,145
葇荑科植物彩色圖 : 楊柳属白楊属,ジュウテイカ ショクブツ サイシキズ : ヨウリュウゾク ハクヨウゾク,,東京山林學校 [写],,[明治期],1冊,613:61,,,,農学生命科学図書館コレクション,"Agri. Library, UTokyo Collection",,,http://tify.sub.uni-goettingen.de/demo.html?manifest=https://archdataset.dl.itc.u-tokyo.ac.jp/manifest/b6e42779-162f-7bae-708c-bef438966890.json,b6e42779-162f-7bae-708c-bef438966890,https://iiif.dl.itc.u-tokyo.ac.jp/repo/s/agriculture,https://iiif.dl.itc.u-tokyo.ac.jp/repo/s/agriculture/document/b6e42779-162f-7bae-708c-bef438966890,https://www.lib.u-tokyo.ac.jp/ja/library/contents/archives-top/reuse,https://iiif.dl.itc.u-tokyo.ac.jp/repo/files/medium/14a8e8afeddd0ab3d4a4fd6cac5685bbab48346a.jpg,https://iiif.dl.itc.u-tokyo.ac.jp/repo/api/items/540593,"東京大学農学生命科学研究科・農学部 / Graduate School of Agricultural and Life Sciences/Faculty of Agriculture, The University of Tokyo, JAPAN",,,"農学生命科学図書館コレクション|University Library for Agricultural and Life Sciences, the University of Tokyo Collection",009,,https://iiif.dl.itc.u-tokyo.ac.jp/repo/iiif/b6e42779-162f-7bae-708c-bef438966890/manifest,,,,,87
莎草類彩色圖,サソウルイ サイシキズ,,東京山林學校 [写],,[明治期],1冊,613:62,,,,農学生命科学図書館コレクション,"Agri. Library, UTokyo Collection",,,http://tify.sub.uni-goettingen.de/demo.html?manifest=https://archdataset.dl.itc.u-tokyo.ac.jp/manifest/7a3e0c92-234b-1295-947b-d697d0d6955f.json,7a3e0c92-234b-1295-947b-d697d0d6955f,https://iiif.dl.itc.u-tokyo.ac.jp/repo/s/agriculture,https://iiif.dl.itc.u-tokyo.ac.jp/repo/s/agriculture/document/7a3e0c92-234b-1295-947b-d697d0d6955f,https://www.lib.u-tokyo.ac.jp/ja/library/contents/archives-top/reuse,https://iiif.dl.itc.u-tokyo.ac.jp/repo/files/medium/97c0529a040265b8bf2e67b949be578ed7e2d285.jpg,https://iiif.dl.itc.u-tokyo.ac.jp/repo/api/items/540592,"東京大学農学生命科学研究科・農学部 / Graduate School of Agricultural and Life Sciences/Faculty of Agriculture, The University of Tokyo, JAPAN",,,"農学生命科学図書館コレクション|University Library for Agricultural and Life Sciences, the University of Tokyo Collection",010,,https://iiif.dl.itc.u-tokyo.ac.jp/repo/iiif/7a3e0c92-234b-1295-947b-d697d0d6955f/manifest,,,,,80
禾本科植物彩色圖,カホンカ ショクブツ サイシキズ,,[書写者不明],,[明治期],1冊,613:63,,,,農学生命科学図書館コレクション,"Agri. Library, UTokyo Collection",,,http://tify.sub.uni-goettingen.de/demo.html?manifest=https://archdataset.dl.itc.u-tokyo.ac.jp/manifest/df8094b2-597f-5dcf-6c06-28af31a74c49.json,df8094b2-597f-5dcf-6c06-28af31a74c49,https://iiif.dl.itc.u-tokyo.ac.jp/repo/s/agriculture,https://iiif.dl.itc.u-tokyo.ac.jp/repo/s/agriculture/document/df8094b2-597f-5dcf-6c06-28af31a74c49,https://www.lib.u-tokyo.ac.jp/ja/library/contents/archives-top/reuse,https://iiif.dl.itc.u-tokyo.ac.jp/repo/files/medium/90f647a0bb13d794aef2957aa6c46c235205639d.jpg,https://iiif.dl.itc.u-tokyo.ac.jp/repo/api/items/540591,"東京大学農学生命科学研究科・農学部 / Graduate School of Agricultural and Life Sciences/Faculty of Agriculture, The University of Tokyo, JAPAN",,,"農学生命科学図書館コレクション|University Library for Agricultural and Life Sciences, the University of Tokyo Collection",011,,https://iiif.dl.itc.u-tokyo.ac.jp/repo/iiif/df8094b2-597f-5dcf-6c06-28af31a74c49/manifest,,,,,162
彩色寫生輸出百合花集,サイショク シャセイ ユシュツ ユリ カシュウ : ゼン,,池田次郎吉編,,1895年8月刊,1冊,613:44,,,,農学生命科学図書館コレクション,"Agri. Library, UTokyo Collection",,,http://tify.sub.uni-goettingen.de/demo.html?manifest=https://archdataset.dl.itc.u-tokyo.ac.jp/manifest/627f6b5d-4e4c-81e1-7954-bd451f567a45.json,627f6b5d-4e4c-81e1-7954-bd451f567a45,https://iiif.dl.itc.u-tokyo.ac.jp/repo/s/agriculture,https://iiif.dl.itc.u-tokyo.ac.jp/repo/s/agriculture/document/627f6b5d-4e4c-81e1-7954-bd451f567a45,https://www.lib.u-tokyo.ac.jp/ja/library/contents/archives-top/reuse,https://iiif.dl.itc.u-tokyo.ac.jp/repo/files/medium/3dc15e9dbabbc0158d9913d72e3e11b9ecf4f6f6.jpg,https://iiif.dl.itc.u-tokyo.ac.jp/repo/api/items/540590,"東京大学農学生命科学研究科・農学部 / Graduate School of Agricultural and Life Sciences/Faculty of Agriculture, The University of Tokyo, JAPAN",,,"農学生命科学図書館コレクション|University Library for Agricultural and Life Sciences, the University of Tokyo Collection",012,,https://iiif.dl.itc.u-tokyo.ac.jp/repo/iiif/627f6b5d-4e4c-81e1-7954-bd451f567a45/manifest,,,,,29
莎草冩圖,サソウ シャズ,,[書写者不明],,[書写年不明],1冊,613:46,,,,農学生命科学図書館コレクション,"Agri. Library, UTokyo Collection",,,http://tify.sub.uni-goettingen.de/demo.html?manifest=https://archdataset.dl.itc.u-tokyo.ac.jp/manifest/b4814f58-5ae1-481d-0cfa-6938aa3a7620.json,b4814f58-5ae1-481d-0cfa-6938aa3a7620,https://iiif.dl.itc.u-tokyo.ac.jp/repo/s/agriculture,https://iiif.dl.itc.u-tokyo.ac.jp/repo/s/agriculture/document/b4814f58-5ae1-481d-0cfa-6938aa3a7620,https://www.lib.u-tokyo.ac.jp/ja/library/contents/archives-top/reuse,https://iiif.dl.itc.u-tokyo.ac.jp/repo/files/medium/4fb75645c087af75f3055db0bb1e31fcfef680d6.jpg,https://iiif.dl.itc.u-tokyo.ac.jp/repo/api/items/540589,"東京大学農学生命科学研究科・農学部 / Graduate School of Agricultural and Life Sciences/Faculty of Agriculture, The University of Tokyo, JAPAN",,,"農学生命科学図書館コレクション|University Library for Agricultural and Life Sciences, the University of Tokyo Collection",013,,https://iiif.dl.itc.u-tokyo.ac.jp/repo/iiif/b4814f58-5ae1-481d-0cfa-6938aa3a7620/manifest,,,,,50
有用植物圖説 目録索引,ユウヨウ ショクブツ ズセツ,,"田中芳男, 小野職愨撰 ; 曲直瀬愛, 小森頼信校 ; 服部雪斎図画",,明治24[1891]年刊,1冊,613:29:1,,,,農学生命科学図書館コレクション,"Agri. Library, UTokyo Collection",,,http://tify.sub.uni-goettingen.de/demo.html?manifest=https://archdataset.dl.itc.u-tokyo.ac.jp/manifest/87c1c4a4-9cce-5b5f-a5a4-ad58e2240372.json,87c1c4a4-9cce-5b5f-a5a4-ad58e2240372,https://iiif.dl.itc.u-tokyo.ac.jp/repo/s/agriculture,https://iiif.dl.itc.u-tokyo.ac.jp/repo/s/agriculture/document/87c1c4a4-9cce-5b5f-a5a4-ad58e2240372,https://www.lib.u-tokyo.ac.jp/ja/library/contents/archives-top/reuse,https://iiif.dl.itc.u-tokyo.ac.jp/repo/files/medium/1cbe04ccda9c3a0604f3331dc0aea9527c04b140.jpg,https://iiif.dl.itc.u-tokyo.ac.jp/repo/api/items/540588,"東京大学農学生命科学研究科・農学部 / Graduate School of Agricultural and Life Sciences/Faculty of Agriculture, The University of Tokyo, JAPAN",,,"農学生命科学図書館コレクション|University Library for Agricultural and Life Sciences, the University of Tokyo Collection",014,,https://iiif.dl.itc.u-tokyo.ac.jp/repo/iiif/87c1c4a4-9cce-5b5f-a5a4-ad58e2240372/manifest,,,,,85
有用植物圖説 解説卷1,ユウヨウ ショクブツ ズセツ,,"田中芳男, 小野職愨撰 ; 曲直瀬愛, 小森頼信校 ; 服部雪斎図画",,明治24[1891]年刊,1冊,613:29:2,,,,農学生命科学図書館コレクション,"Agri. Library, UTokyo Collection",,,http://tify.sub.uni-goettingen.de/demo.html?manifest=https://archdataset.dl.itc.u-tokyo.ac.jp/manifest/bb4b00b5-8a54-3698-656b-2b5baaa40938.json,bb4b00b5-8a54-3698-656b-2b5baaa40938,https://iiif.dl.itc.u-tokyo.ac.jp/repo/s/agriculture,https://iiif.dl.itc.u-tokyo.ac.jp/repo/s/agriculture/document/bb4b00b5-8a54-3698-656b-2b5baaa40938,https://www.lib.u-tokyo.ac.jp/ja/library/contents/archives-top/reuse,https://iiif.dl.itc.u-tokyo.ac.jp/repo/files/medium/5abde5eb843ebc906082579acb7b6b91347c34ad.jpg,https://iiif.dl.itc.u-tokyo.ac.jp/repo/api/items/540587,"東京大学農学生命科学研究科・農学部 / Graduate School of Agricultural and Life Sciences/Faculty of Agriculture, The University of Tokyo, JAPAN",,,"農学生命科学図書館コレクション|University Library for Agricultural and Life Sciences, the University of Tokyo Collection",015,,https://iiif.dl.itc.u-tokyo.ac.jp/repo/iiif/bb4b00b5-8a54-3698-656b-2b5baaa40938/manifest,,,,,78
有用植物圖説 解説卷2,ユウヨウ ショクブツ ズセツ,,"田中芳男, 小野職愨撰 ; 曲直瀬愛, 小森頼信校 ; 服部雪斎図画",,明治24[1891]年刊,1冊,613:29:3,,,,農学生命科学図書館コレクション,"Agri. Library, UTokyo Collection",,,http://tify.sub.uni-goettingen.de/demo.html?manifest=https://archdataset.dl.itc.u-tokyo.ac.jp/manifest/42dfe305-0e6e-4d22-298a-d3895726a29a.json,42dfe305-0e6e-4d22-298a-d3895726a29a,https://iiif.dl.itc.u-tokyo.ac.jp/repo/s/agriculture,https://iiif.dl.itc.u-tokyo.ac.jp/repo/s/agriculture/document/42dfe305-0e6e-4d22-298a-d3895726a29a,https://www.lib.u-tokyo.ac.jp/ja/library/contents/archives-top/reuse,https://iiif.dl.itc.u-tokyo.ac.jp/repo/files/medium/3364e66d4f25b6291d583e1b29042f5f25fc98e1.jpg,https://iiif.dl.itc.u-tokyo.ac.jp/repo/api/items/540586,"東京大学農学生命科学研究科・農学部 / Graduate School of Agricultural and Life Sciences/Faculty of Agriculture, The University of Tokyo, JAPAN",,,"農学生命科学図書館コレクション|University Library for Agricultural and Life Sciences, the University of Tokyo Collection",016,,https://iiif.dl.itc.u-tokyo.ac.jp/repo/iiif/42dfe305-0e6e-4d22-298a-d3895726a29a/manifest,,,,,71
有用植物圖説 解説卷3,ユウヨウ ショクブツ ズセツ,,"田中芳男, 小野職愨撰 ; 曲直瀬愛, 小森頼信校 ; 服部雪斎図画",,明治24[1891]年刊,1冊,613:29:4,,,,農学生命科学図書館コレクション,"Agri. Library, UTokyo Collection",,,http://tify.sub.uni-goettingen.de/demo.html?manifest=https://archdataset.dl.itc.u-tokyo.ac.jp/manifest/6041ed83-59e7-7bc0-196d-c7ed8d01673d.json,6041ed83-59e7-7bc0-196d-c7ed8d01673d,https://iiif.dl.itc.u-tokyo.ac.jp/repo/s/agriculture,https://iiif.dl.itc.u-tokyo.ac.jp/repo/s/agriculture/document/6041ed83-59e7-7bc0-196d-c7ed8d01673d,https://www.lib.u-tokyo.ac.jp/ja/library/contents/archives-top/reuse,https://iiif.dl.itc.u-tokyo.ac.jp/repo/files/medium/0fd408ca8f01b4b48b70c80355fcf0e8b4f63d97.jpg,https://iiif.dl.itc.u-tokyo.ac.jp/repo/api/items/540585,"東京大学農学生命科学研究科・農学部 / Graduate School of Agricultural and Life Sciences/Faculty of Agriculture, The University of Tokyo, JAPAN",,,"農学生命科学図書館コレクション|University Library for Agricultural and Life Sciences, the University of Tokyo Collection",017,,https://iiif.dl.itc.u-tokyo.ac.jp/repo/iiif/6041ed83-59e7-7bc0-196d-c7ed8d01673d/manifest,,,,,59
有用植物圖説 圖畫卷1,ユウヨウ ショクブツ ズセツ,,"田中芳男, 小野職愨撰 ; 曲直瀬愛, 小森頼信校 ; 服部雪斎図画",,明治24[1891]年刊,1冊,613:29:5,,,,農学生命科学図書館コレクション,"Agri. Library, UTokyo Collection",,,http://tify.sub.uni-goettingen.de/demo.html?manifest=https://archdataset.dl.itc.u-tokyo.ac.jp/manifest/5bfde8bf-0b54-7848-97d6-1ee30cf9a645.json,5bfde8bf-0b54-7848-97d6-1ee30cf9a645,https://iiif.dl.itc.u-tokyo.ac.jp/repo/s/agriculture,https://iiif.dl.itc.u-tokyo.ac.jp/repo/s/agriculture/document/5bfde8bf-0b54-7848-97d6-1ee30cf9a645,https://www.lib.u-tokyo.ac.jp/ja/library/contents/archives-top/reuse,https://iiif.dl.itc.u-tokyo.ac.jp/repo/files/medium/bf05396c6209233d94c7883e25d8a4cf3624d93e.jpg,https://iiif.dl.itc.u-tokyo.ac.jp/repo/api/items/540584,"東京大学農学生命科学研究科・農学部 / Graduate School of Agricultural and Life Sciences/Faculty of Agriculture, The University of Tokyo, JAPAN",,,"農学生命科学図書館コレクション|University Library for Agricultural and Life Sciences, the University of Tokyo Collection",018,,https://iiif.dl.itc.u-tokyo.ac.jp/repo/iiif/5bfde8bf-0b54-7848-97d6-1ee30cf9a645/manifest,,,,,47
有用植物圖説 圖畫卷2,ユウヨウ ショクブツ ズセツ,,"田中芳男, 小野職愨撰 ; 曲直瀬愛, 小森頼信校 ; 服部雪斎図画",,明治24[1891]年刊,1冊,613:29:6,,,,農学生命科学図書館コレクション,"Agri. Library, UTokyo Collection",,,http://tify.sub.uni-goettingen.de/demo.html?manifest=https://archdataset.dl.itc.u-tokyo.ac.jp/manifest/7844f0c7-2434-7b74-15df-c74b0e3c8e38.json,7844f0c7-2434-7b74-15df-c74b0e3c8e38,https://iiif.dl.itc.u-tokyo.ac.jp/repo/s/agriculture,https://iiif.dl.itc.u-tokyo.ac.jp/repo/s/agriculture/document/7844f0c7-2434-7b74-15df-c74b0e3c8e38,https://www.lib.u-tokyo.ac.jp/ja/library/contents/archives-top/reuse,https://iiif.dl.itc.u-tokyo.ac.jp/repo/files/medium/64363d5cbfe12a51092e585f5f6f940ad29ec7e6.jpg,https://iiif.dl.itc.u-tokyo.ac.jp/repo/api/items/540583,"東京大学農学生命科学研究科・農学部 / Graduate School of Agricultural and Life Sciences/Faculty of Agriculture, The University of Tokyo, JAPAN",,,"農学生命科学図書館コレクション|University Library for Agricultural and Life Sciences, the University of Tokyo Collection",019,,https://iiif.dl.itc.u-tokyo.ac.jp/repo/iiif/7844f0c7-2434-7b74-15df-c74b0e3c8e38/manifest,,,,,46
有用植物圖説 圖畫卷3,ユウヨウ ショクブツ ズセツ,,"田中芳男, 小野職愨撰 ; 曲直瀬愛, 小森頼信校 ; 服部雪斎図画",,明治24[1891]年刊,1冊,613:29:7,,,,農学生命科学図書館コレクション,"Agri. Library, UTokyo Collection",,,http://tify.sub.uni-goettingen.de/demo.html?manifest=https://archdataset.dl.itc.u-tokyo.ac.jp/manifest/29d63e58-754f-7565-a41a-29cc2d5e4e3e.json,29d63e58-754f-7565-a41a-29cc2d5e4e3e,https://iiif.dl.itc.u-tokyo.ac.jp/repo/s/agriculture,https://iiif.dl.itc.u-tokyo.ac.jp/repo/s/agriculture/document/29d63e58-754f-7565-a41a-29cc2d5e4e3e,https://www.lib.u-tokyo.ac.jp/ja/library/contents/archives-top/reuse,https://iiif.dl.itc.u-tokyo.ac.jp/repo/files/medium/28276688ee682e8065bd9bec5c8e77ad77cc8f53.jpg,https://iiif.dl.itc.u-tokyo.ac.jp/repo/api/items/540582,"東京大学農学生命科学研究科・農学部 / Graduate School of Agricultural and Life Sciences/Faculty of Agriculture, The University of Tokyo, JAPAN",,,"農学生命科学図書館コレクション|University Library for Agricultural and Life Sciences, the University of Tokyo Collection",020,,https://iiif.dl.itc.u-tokyo.ac.jp/repo/iiif/29d63e58-754f-7565-a41a-29cc2d5e4e3e/manifest,,,,,49
日本竹類圖譜,ニホン チクルイ ズフ,,農商務省山林局編纂,,1912,1冊,613.793:N77-N,,,,農学生命科学図書館コレクション,"Agri. Library, UTokyo Collection",[図版],,http://tify.sub.uni-goettingen.de/demo.html?manifest=https://archdataset.dl.itc.u-tokyo.ac.jp/manifest/c2466a42-0add-7f2b-7d11-58aaebea953f.json,c2466a42-0add-7f2b-7d11-58aaebea953f,https://iiif.dl.itc.u-tokyo.ac.jp/repo/s/agriculture,https://iiif.dl.itc.u-tokyo.ac.jp/repo/s/agriculture/document/c2466a42-0add-7f2b-7d11-58aaebea953f,https://www.lib.u-tokyo.ac.jp/ja/library/contents/archives-top/reuse,https://iiif.dl.itc.u-tokyo.ac.jp/repo/files/medium/101b027d6bc01f45b781ec4b1b5ade9e683fc0e2.jpg,https://iiif.dl.itc.u-tokyo.ac.jp/repo/api/items/541553,"東京大学農学生命科学研究科・農学部 / Graduate School of Agricultural and Life Sciences/Faculty of Agriculture, The University of Tokyo, JAPAN",,,"農学生命科学図書館コレクション|University Library for Agricultural and Life Sciences, the University of Tokyo Collection",021,,https://iiif.dl.itc.u-tokyo.ac.jp/repo/iiif/c2466a42-0add-7f2b-7d11-58aaebea953f/manifest,,,,,22
日本森林樹木図譜 第一秩,ニホン シンリン ジュモク ズフ,,"白澤保美編著 ; 丸山宣光,大石榮雄畫",,1900-1908,1冊,650:21:1,,,,農学生命科学図書館コレクション,"Agri. Library, UTokyo Collection",第一秩,,http://tify.sub.uni-goettingen.de/demo.html?manifest=https://archdataset.dl.itc.u-tokyo.ac.jp/manifest/2c310bb0-6cb1-4f7b-2b7d-7d6255cf680e.json,2c310bb0-6cb1-4f7b-2b7d-7d6255cf680e,https://iiif.dl.itc.u-tokyo.ac.jp/repo/s/agriculture,https://iiif.dl.itc.u-tokyo.ac.jp/repo/s/agriculture/document/2c310bb0-6cb1-4f7b-2b7d-7d6255cf680e,https://www.lib.u-tokyo.ac.jp/ja/library/contents/archives-top/reuse,https://iiif.dl.itc.u-tokyo.ac.jp/repo/files/medium/83a4e1b5b89b77ef327aaabfe7ae54efcc673b83.jpg,https://iiif.dl.itc.u-tokyo.ac.jp/repo/api/items/541552,"東京大学農学生命科学研究科・農学部 / Graduate School of Agricultural and Life Sciences/Faculty of Agriculture, The University of Tokyo, JAPAN",,,"農学生命科学図書館コレクション|University Library for Agricultural and Life Sciences, the University of Tokyo Collection",022,,https://iiif.dl.itc.u-tokyo.ac.jp/repo/iiif/2c310bb0-6cb1-4f7b-2b7d-7d6255cf680e/manifest,,,,,102
日本森林樹木図譜 第二秩,ニホン シンリン ジュモク ズフ,,"白澤保美編著 ; 丸山宣光,大石榮雄畫",,1900-1908,1冊,650:21:2,,,,農学生命科学図書館コレクション,"Agri. Library, UTokyo Collection",第二秩,,http://tify.sub.uni-goettingen.de/demo.html?manifest=https://archdataset.dl.itc.u-tokyo.ac.jp/manifest/70f02bc2-6f66-84ec-3578-058a8d03668c.json,70f02bc2-6f66-84ec-3578-058a8d03668c,https://iiif.dl.itc.u-tokyo.ac.jp/repo/s/agriculture,https://iiif.dl.itc.u-tokyo.ac.jp/repo/s/agriculture/document/70f02bc2-6f66-84ec-3578-058a8d03668c,https://www.lib.u-tokyo.ac.jp/ja/library/contents/archives-top/reuse,https://iiif.dl.itc.u-tokyo.ac.jp/repo/files/medium/f647534e44867cf617598f2d51e26d05643d0948.jpg,https://iiif.dl.itc.u-tokyo.ac.jp/repo/api/items/541551,"東京大学農学生命科学研究科・農学部 / Graduate School of Agricultural and Life Sciences/Faculty of Agriculture, The University of Tokyo, JAPAN",,,"農学生命科学図書館コレクション|University Library for Agricultural and Life Sciences, the University of Tokyo Collection",023,,https://iiif.dl.itc.u-tokyo.ac.jp/repo/iiif/70f02bc2-6f66-84ec-3578-058a8d03668c/manifest,,,,,84
日本菌類圖譜,ニホン キンルイ ズフ,,農商務省山林局 [編纂],,1912-1925,1冊,613.747:N77,奥付は第4集のもの。,,,農学生命科学図書館コレクション,"Agri. Library, UTokyo Collection",第1~4集合冊,,http://tify.sub.uni-goettingen.de/demo.html?manifest=https://archdataset.dl.itc.u-tokyo.ac.jp/manifest/f9dbea50-3d74-5d6e-03f2-b5bf339b5a2b.json,f9dbea50-3d74-5d6e-03f2-b5bf339b5a2b,https://iiif.dl.itc.u-tokyo.ac.jp/repo/s/agriculture,https://iiif.dl.itc.u-tokyo.ac.jp/repo/s/agriculture/document/f9dbea50-3d74-5d6e-03f2-b5bf339b5a2b,https://www.lib.u-tokyo.ac.jp/ja/library/contents/archives-top/reuse,https://iiif.dl.itc.u-tokyo.ac.jp/repo/files/medium/674d9cadf351cbd2facc9305e02d0769cbb9aa97.jpg,https://iiif.dl.itc.u-tokyo.ac.jp/repo/api/items/541550,"東京大学農学生命科学研究科・農学部 / Graduate School of Agricultural and Life Sciences/Faculty of Agriculture, The University of Tokyo, JAPAN",,,"農学生命科学図書館コレクション|University Library for Agricultural and Life Sciences, the University of Tokyo Collection",024,,https://iiif.dl.itc.u-tokyo.ac.jp/repo/iiif/f9dbea50-3d74-5d6e-03f2-b5bf339b5a2b/manifest,,,,,90
群芳圖譜 第1輯第1編,グンボウ ズフ,,"和田英作,佐藤醇吉著",,1919-1920,1冊,613:87:1,,,,農学生命科学図書館コレクション,"Agri. Library, UTokyo Collection",第1輯第1編,,http://tify.sub.uni-goettingen.de/demo.html?manifest=https://archdataset.dl.itc.u-tokyo.ac.jp/manifest/a2af6812-7fd8-2cf2-759d-11fff8990e95.json,a2af6812-7fd8-2cf2-759d-11fff8990e95,https://iiif.dl.itc.u-tokyo.ac.jp/repo/s/agriculture,https://iiif.dl.itc.u-tokyo.ac.jp/repo/s/agriculture/document/a2af6812-7fd8-2cf2-759d-11fff8990e95,https://www.lib.u-tokyo.ac.jp/ja/library/contents/archives-top/reuse,https://iiif.dl.itc.u-tokyo.ac.jp/repo/files/medium/79eddc772afeb6a83b0f3c57230c89b50848b7c2.jpg,https://iiif.dl.itc.u-tokyo.ac.jp/repo/api/items/541549,"東京大学農学生命科学研究科・農学部 / Graduate School of Agricultural and Life Sciences/Faculty of Agriculture, The University of Tokyo, JAPAN",,,"農学生命科学図書館コレクション|University Library for Agricultural and Life Sciences, the University of Tokyo Collection",025,,https://iiif.dl.itc.u-tokyo.ac.jp/repo/iiif/a2af6812-7fd8-2cf2-759d-11fff8990e95/manifest,,,,,22
群芳圖譜 第1輯第2編,グンボウ ズフ,,"和田英作,佐藤醇吉著",,1919-1920,1冊,613:87:2,,,,農学生命科学図書館コレクション,"Agri. Library, UTokyo Collection",第1輯第2編,,http://tify.sub.uni-goettingen.de/demo.html?manifest=https://archdataset.dl.itc.u-tokyo.ac.jp/manifest/2da73342-76a3-0edc-8b07-d866f06d5ea3.json,2da73342-76a3-0edc-8b07-d866f06d5ea3,https://iiif.dl.itc.u-tokyo.ac.jp/repo/s/agriculture,https://iiif.dl.itc.u-tokyo.ac.jp/repo/s/agriculture/document/2da73342-76a3-0edc-8b07-d866f06d5ea3,https://www.lib.u-tokyo.ac.jp/ja/library/contents/archives-top/reuse,https://iiif.dl.itc.u-tokyo.ac.jp/repo/files/medium/a25f6e6a6f3dc7075cf046171131e1dd30da1906.jpg,https://iiif.dl.itc.u-tokyo.ac.jp/repo/api/items/541548,"東京大学農学生命科学研究科・農学部 / Graduate School of Agricultural and Life Sciences/Faculty of Agriculture, The University of Tokyo, JAPAN",,,"農学生命科学図書館コレクション|University Library for Agricultural and Life Sciences, the University of Tokyo Collection",026,,https://iiif.dl.itc.u-tokyo.ac.jp/repo/iiif/2da73342-76a3-0edc-8b07-d866f06d5ea3/manifest,,,,,21
群芳圖譜 第1輯第3編,グンボウ ズフ,,"和田英作,佐藤醇吉著",,1919-1920,1冊,613:87:3,,,,農学生命科学図書館コレクション,"Agri. Library, UTokyo Collection",第1輯第3編,,http://tify.sub.uni-goettingen.de/demo.html?manifest=https://archdataset.dl.itc.u-tokyo.ac.jp/manifest/e443b3ea-830a-907d-42a9-cb4036f27a96.json,e443b3ea-830a-907d-42a9-cb4036f27a96,https://iiif.dl.itc.u-tokyo.ac.jp/repo/s/agriculture,https://iiif.dl.itc.u-tokyo.ac.jp/repo/s/agriculture/document/e443b3ea-830a-907d-42a9-cb4036f27a96,https://www.lib.u-tokyo.ac.jp/ja/library/contents/archives-top/reuse,https://iiif.dl.itc.u-tokyo.ac.jp/repo/files/medium/6f34c6d2435321d152f7259e81741f4a89f6546b.jpg,https://iiif.dl.itc.u-tokyo.ac.jp/repo/api/items/541547,"東京大学農学生命科学研究科・農学部 / Graduate School of Agricultural and Life Sciences/Faculty of Agriculture, The University of Tokyo, JAPAN",,,"農学生命科学図書館コレクション|University Library for Agricultural and Life Sciences, the University of Tokyo Collection",027,,https://iiif.dl.itc.u-tokyo.ac.jp/repo/iiif/e443b3ea-830a-907d-42a9-cb4036f27a96/manifest,,,,,20
群芳圖譜 第1輯第4編,グンボウ ズフ,,"和田英作,佐藤醇吉著",,1919-1920,1冊,613:87:4,,,,農学生命科学図書館コレクション,"Agri. Library, UTokyo Collection",第1輯第4編,,http://tify.sub.uni-goettingen.de/demo.html?manifest=https://archdataset.dl.itc.u-tokyo.ac.jp/manifest/8d83cc45-79ff-0188-659b-7ca5fd48849e.json,8d83cc45-79ff-0188-659b-7ca5fd48849e,https://iiif.dl.itc.u-tokyo.ac.jp/repo/s/agriculture,https://iiif.dl.itc.u-tokyo.ac.jp/repo/s/agriculture/document/8d83cc45-79ff-0188-659b-7ca5fd48849e,https://www.lib.u-tokyo.ac.jp/ja/library/contents/archives-top/reuse,https://iiif.dl.itc.u-tokyo.ac.jp/repo/files/medium/408216c089708be5af32f74482148d3a4efdd097.jpg,https://iiif.dl.itc.u-tokyo.ac.jp/repo/api/items/541546,"東京大学農学生命科学研究科・農学部 / Graduate School of Agricultural and Life Sciences/Faculty of Agriculture, The University of Tokyo, JAPAN",,,"農学生命科学図書館コレクション|University Library for Agricultural and Life Sciences, the University of Tokyo Collection",028,,https://iiif.dl.itc.u-tokyo.ac.jp/repo/iiif/8d83cc45-79ff-0188-659b-7ca5fd48849e/manifest,,,,,24
群芳圖譜 第1輯第5編,グンボウ ズフ,,"和田英作,佐藤醇吉著",,1919-1920,1冊,613:87:5,,,,農学生命科学図書館コレクション,"Agri. Library, UTokyo Collection",第1輯第5編,,http://tify.sub.uni-goettingen.de/demo.html?manifest=https://archdataset.dl.itc.u-tokyo.ac.jp/manifest/30c60644-40b8-a0d3-9231-3b6320c7843e.json,30c60644-40b8-a0d3-9231-3b6320c7843e,https://iiif.dl.itc.u-tokyo.ac.jp/repo/s/agriculture,https://iiif.dl.itc.u-tokyo.ac.jp/repo/s/agriculture/document/30c60644-40b8-a0d3-9231-3b6320c7843e,https://www.lib.u-tokyo.ac.jp/ja/library/contents/archives-top/reuse,https://iiif.dl.itc.u-tokyo.ac.jp/repo/files/medium/03a77a3b6451aa20e1423800ecae92ce21c42553.jpg,https://iiif.dl.itc.u-tokyo.ac.jp/repo/api/items/541545,"東京大学農学生命科学研究科・農学部 / Graduate School of Agricultural and Life Sciences/Faculty of Agriculture, The University of Tokyo, JAPAN",,,"農学生命科学図書館コレクション|University Library for Agricultural and Life Sciences, the University of Tokyo Collection",029,,https://iiif.dl.itc.u-tokyo.ac.jp/repo/iiif/30c60644-40b8-a0d3-9231-3b6320c7843e/manifest,,,,,22
群芳圖譜 第1輯第6編,グンボウ ズフ,,"和田英作,佐藤醇吉著",,1919-1920,1冊,613:87:6,,,,農学生命科学図書館コレクション,"Agri. Library, UTokyo Collection",第1輯第6編,,http://tify.sub.uni-goettingen.de/demo.html?manifest=https://archdataset.dl.itc.u-tokyo.ac.jp/manifest/05fc859e-3db1-5c8b-323f-e11d3e9010cc.json,05fc859e-3db1-5c8b-323f-e11d3e9010cc,https://iiif.dl.itc.u-tokyo.ac.jp/repo/s/agriculture,https://iiif.dl.itc.u-tokyo.ac.jp/repo/s/agriculture/document/05fc859e-3db1-5c8b-323f-e11d3e9010cc,https://www.lib.u-tokyo.ac.jp/ja/library/contents/archives-top/reuse,https://iiif.dl.itc.u-tokyo.ac.jp/repo/files/medium/b9e94c996c3c17fd669ef4fa8dffb81e33e9ac1b.jpg,https://iiif.dl.itc.u-tokyo.ac.jp/repo/api/items/541544,"東京大学農学生命科学研究科・農学部 / Graduate School of Agricultural and Life Sciences/Faculty of Agriculture, The University of Tokyo, JAPAN",,,"農学生命科学図書館コレクション|University Library for Agricultural and Life Sciences, the University of Tokyo Collection",030,,https://iiif.dl.itc.u-tokyo.ac.jp/repo/iiif/05fc859e-3db1-5c8b-323f-e11d3e9010cc/manifest,,,,,20
群芳圖譜 第1輯第7編,グンボウ ズフ,,"和田英作,佐藤醇吉著",,1919-1920,1冊,613:87:7,,,,農学生命科学図書館コレクション,"Agri. Library, UTokyo Collection",第1輯第7編,,http://tify.sub.uni-goettingen.de/demo.html?manifest=https://archdataset.dl.itc.u-tokyo.ac.jp/manifest/0717b584-7f27-70c4-70e9-0dfc7ed28f77.json,0717b584-7f27-70c4-70e9-0dfc7ed28f77,https://iiif.dl.itc.u-tokyo.ac.jp/repo/s/agriculture,https://iiif.dl.itc.u-tokyo.ac.jp/repo/s/agriculture/document/0717b584-7f27-70c4-70e9-0dfc7ed28f77,https://www.lib.u-tokyo.ac.jp/ja/library/contents/archives-top/reuse,https://iiif.dl.itc.u-tokyo.ac.jp/repo/files/medium/6baf5a7867abd52890ddf2c0e298dde3871036fa.jpg,https://iiif.dl.itc.u-tokyo.ac.jp/repo/api/items/541543,"東京大学農学生命科学研究科・農学部 / Graduate School of Agricultural and Life Sciences/Faculty of Agriculture, The University of Tokyo, JAPAN",,,"農学生命科学図書館コレクション|University Library for Agricultural and Life Sciences, the University of Tokyo Collection",031,,https://iiif.dl.itc.u-tokyo.ac.jp/repo/iiif/0717b584-7f27-70c4-70e9-0dfc7ed28f77/manifest,,,,,20
群芳圖譜 第1輯第8編,グンボウ ズフ,,"和田英作,佐藤醇吉著",,1919-1920,1冊,613:87:8,,,,農学生命科学図書館コレクション,"Agri. Library, UTokyo Collection",第1輯第8編,,http://tify.sub.uni-goettingen.de/demo.html?manifest=https://archdataset.dl.itc.u-tokyo.ac.jp/manifest/4e17a945-4320-171d-142e-bd3838ba1cfa.json,4e17a945-4320-171d-142e-bd3838ba1cfa,https://iiif.dl.itc.u-tokyo.ac.jp/repo/s/agriculture,https://iiif.dl.itc.u-tokyo.ac.jp/repo/s/agriculture/document/4e17a945-4320-171d-142e-bd3838ba1cfa,https://www.lib.u-tokyo.ac.jp/ja/library/contents/archives-top/reuse,https://iiif.dl.itc.u-tokyo.ac.jp/repo/files/medium/1534e0eaa9a76cbddc00ac2cf517eacce5f4bc43.jpg,https://iiif.dl.itc.u-tokyo.ac.jp/repo/api/items/541542,"東京大学農学生命科学研究科・農学部 / Graduate School of Agricultural and Life Sciences/Faculty of Agriculture, The University of Tokyo, JAPAN",,,"農学生命科学図書館コレクション|University Library for Agricultural and Life Sciences, the University of Tokyo Collection",032,,https://iiif.dl.itc.u-tokyo.ac.jp/repo/iiif/4e17a945-4320-171d-142e-bd3838ba1cfa/manifest,,,,,21
群芳圖譜 第1輯第9編,グンボウ ズフ,,"和田英作,佐藤醇吉著",,1919-1920,1冊,613:87:9,後半部分欠損,,,農学生命科学図書館コレクション,"Agri. Library, UTokyo Collection",第1輯第9編,,http://tify.sub.uni-goettingen.de/demo.html?manifest=https://archdataset.dl.itc.u-tokyo.ac.jp/manifest/97a6ecb3-5cb2-08c3-0d4f-e057b8f2258b.json,97a6ecb3-5cb2-08c3-0d4f-e057b8f2258b,https://iiif.dl.itc.u-tokyo.ac.jp/repo/s/agriculture,https://iiif.dl.itc.u-tokyo.ac.jp/repo/s/agriculture/document/97a6ecb3-5cb2-08c3-0d4f-e057b8f2258b,https://www.lib.u-tokyo.ac.jp/ja/library/contents/archives-top/reuse,https://iiif.dl.itc.u-tokyo.ac.jp/repo/files/medium/4338a576fa00a1b57f1dbf414ffeaed14fad4498.jpg,https://iiif.dl.itc.u-tokyo.ac.jp/repo/api/items/541541,"東京大学農学生命科学研究科・農学部 / Graduate School of Agricultural and Life Sciences/Faculty of Agriculture, The University of Tokyo, JAPAN",,,"農学生命科学図書館コレクション|University Library for Agricultural and Life Sciences, the University of Tokyo Collection",033,,https://iiif.dl.itc.u-tokyo.ac.jp/repo/iiif/97a6ecb3-5cb2-08c3-0d4f-e057b8f2258b/manifest,,,,,9
群芳圖譜 第1輯第10編,グンボウ ズフ,,"和田英作,佐藤醇吉著",,1919-1920,1冊,613:87:10,,,,農学生命科学図書館コレクション,"Agri. Library, UTokyo Collection",第1輯第10編,,http://tify.sub.uni-goettingen.de/demo.html?manifest=https://archdataset.dl.itc.u-tokyo.ac.jp/manifest/c9f1ab4e-6bf9-997c-95a7-572c5e6b2597.json,c9f1ab4e-6bf9-997c-95a7-572c5e6b2597,https://iiif.dl.itc.u-tokyo.ac.jp/repo/s/agriculture,https://iiif.dl.itc.u-tokyo.ac.jp/repo/s/agriculture/document/c9f1ab4e-6bf9-997c-95a7-572c5e6b2597,https://www.lib.u-tokyo.ac.jp/ja/library/contents/archives-top/reuse,https://iiif.dl.itc.u-tokyo.ac.jp/repo/files/medium/2c13ea887a4ea6f06c7e832e01a70527eeeb6617.jpg,https://iiif.dl.itc.u-tokyo.ac.jp/repo/api/items/541540,"東京大学農学生命科学研究科・農学部 / Graduate School of Agricultural and Life Sciences/Faculty of Agriculture, The University of Tokyo, JAPAN",,,"農学生命科学図書館コレクション|University Library for Agricultural and Life Sciences, the University of Tokyo Collection",034,,https://iiif.dl.itc.u-tokyo.ac.jp/repo/iiif/c9f1ab4e-6bf9-997c-95a7-572c5e6b2597/manifest,,,,,19
Castans' Lectures on agriculture,,,"John Daniel Custance, 大内健[筆記]",,1878-1879,1冊,洋:86,,,,農学生命科学図書館コレクション,"Agri. Library, UTokyo Collection",,,http://tify.sub.uni-goettingen.de/demo.html?manifest=https://archdataset.dl.itc.u-tokyo.ac.jp/manifest/4e0dc54b-2d8a-7d80-2f37-40842b0ea589.json,4e0dc54b-2d8a-7d80-2f37-40842b0ea589,https://iiif.dl.itc.u-tokyo.ac.jp/repo/s/agriculture,https://iiif.dl.itc.u-tokyo.ac.jp/repo/s/agriculture/document/4e0dc54b-2d8a-7d80-2f37-40842b0ea589,https://www.lib.u-tokyo.ac.jp/ja/library/contents/archives-top/reuse,https://iiif.dl.itc.u-tokyo.ac.jp/repo/files/medium/f654ef92709303ef6714617681b0d136403c1537.jpg,https://iiif.dl.itc.u-tokyo.ac.jp/repo/api/items/1249154,"東京大学農学生命科学研究科・農学部 / Graduate School of Agricultural and Life Sciences/Faculty of Agriculture, The University of Tokyo, JAPAN",,,"農学生命科学図書館コレクション|University Library for Agricultural and Life Sciences, the University of Tokyo Collection",035,,https://iiif.dl.itc.u-tokyo.ac.jp/repo/iiif/4e0dc54b-2d8a-7d80-2f37-40842b0ea589/manifest,,,,,547
"E. Kinch's Lectures on chemistry, inorganic, with laboratory notes",,,"Edward Kinch, 大内健[筆記]",,1878-1880,1冊,洋:87:1,,,,農学生命科学図書館コレクション,"Agri. Library, UTokyo Collection",,,http://tify.sub.uni-goettingen.de/demo.html?manifest=https://archdataset.dl.itc.u-tokyo.ac.jp/manifest/29e4da03-7e96-4dd2-68ba-f23004321f33.json,29e4da03-7e96-4dd2-68ba-f23004321f33,https://iiif.dl.itc.u-tokyo.ac.jp/repo/s/agriculture,https://iiif.dl.itc.u-tokyo.ac.jp/repo/s/agriculture/document/29e4da03-7e96-4dd2-68ba-f23004321f33,https://www.lib.u-tokyo.ac.jp/ja/library/contents/archives-top/reuse,https://iiif.dl.itc.u-tokyo.ac.jp/repo/files/medium/39b8badc7512534a6518ccfd07746632d4bb85c1.jpg,https://iiif.dl.itc.u-tokyo.ac.jp/repo/api/items/1249156,"東京大学農学生命科学研究科・農学部 / Graduate School of Agricultural and Life Sciences/Faculty of Agriculture, The University of Tokyo, JAPAN",,,"農学生命科学図書館コレクション|University Library for Agricultural and Life Sciences, the University of Tokyo Collection",036,,https://iiif.dl.itc.u-tokyo.ac.jp/repo/iiif/29e4da03-7e96-4dd2-68ba-f23004321f33/manifest,,,,,371
"E. Kinch's Lectures on chemistry, organic",,,"Edward Kinch, 大内健[筆記]",,1879-1880,1冊,洋:87:2,,,,農学生命科学図書館コレクション,"Agri. Library, UTokyo Collection",,,http://tify.sub.uni-goettingen.de/demo.html?manifest=https://archdataset.dl.itc.u-tokyo.ac.jp/manifest/f26d3e18-58ef-0ce5-8f74-ca48dfc99da0.json,f26d3e18-58ef-0ce5-8f74-ca48dfc99da0,https://iiif.dl.itc.u-tokyo.ac.jp/repo/s/agriculture,https://iiif.dl.itc.u-tokyo.ac.jp/repo/s/agriculture/document/f26d3e18-58ef-0ce5-8f74-ca48dfc99da0,https://www.lib.u-tokyo.ac.jp/ja/library/contents/archives-top/reuse,https://iiif.dl.itc.u-tokyo.ac.jp/repo/files/medium/e9ef6f044676a534bb275bb8a09074bdd79b06e6.jpg,https://iiif.dl.itc.u-tokyo.ac.jp/repo/api/items/1249157,"東京大学農学生命科学研究科・農学部 / Graduate School of Agricultural and Life Sciences/Faculty of Agriculture, The University of Tokyo, JAPAN",,,"農学生命科学図書館コレクション|University Library for Agricultural and Life Sciences, the University of Tokyo Collection",037,,https://iiif.dl.itc.u-tokyo.ac.jp/repo/iiif/f26d3e18-58ef-0ce5-8f74-ca48dfc99da0/manifest,,,,,632
E. Kinch's Lectures on agricultural chemistry,,,"Edward Kinch, 大内健[筆記]",,1880-1881,1冊,洋:87:3,,,,農学生命科学図書館コレクション,"Agri. Library, UTokyo Collection",,,http://tify.sub.uni-goettingen.de/demo.html?manifest=https://archdataset.dl.itc.u-tokyo.ac.jp/manifest/5a5250d3-95aa-066a-3a2e-1922bc793618.json,5a5250d3-95aa-066a-3a2e-1922bc793618,https://iiif.dl.itc.u-tokyo.ac.jp/repo/s/agriculture,https://iiif.dl.itc.u-tokyo.ac.jp/repo/s/agriculture/document/5a5250d3-95aa-066a-3a2e-1922bc793618,https://www.lib.u-tokyo.ac.jp/ja/library/contents/archives-top/reuse,https://iiif.dl.itc.u-tokyo.ac.jp/repo/files/medium/717ac355eec81f9adc4953d48a8d23e9bfe11d1b.jpg,https://iiif.dl.itc.u-tokyo.ac.jp/repo/api/items/1249155,"東京大学農学生命科学研究科・農学部 / Graduate School of Agricultural and Life Sciences/Faculty of Agriculture, The University of Tokyo, JAPAN",,,"農学生命科学図書館コレクション|University Library for Agricultural and Life Sciences, the University of Tokyo Collection",038,,https://iiif.dl.itc.u-tokyo.ac.jp/repo/iiif/5a5250d3-95aa-066a-3a2e-1922bc793618/manifest,,,,,679
Results of analyse performed at the Chemical Laboratory of the Imperial College of Agriculture [1],,,"Edward Kinch, Oskar Kellner, Y. Kozai",,1877-1905,1冊,洋:88:1,"p. 1-181 by Edward Kinch, p.182- by Oskar Kellner",,,農学生命科学図書館コレクション,"Agri. Library, UTokyo Collection",,,http://tify.sub.uni-goettingen.de/demo.html?manifest=https://archdataset.dl.itc.u-tokyo.ac.jp/manifest/d6210358-1b3e-2274-688f-08add7189baf.json,d6210358-1b3e-2274-688f-08add7189baf,https://iiif.dl.itc.u-tokyo.ac.jp/repo/s/agriculture,https://iiif.dl.itc.u-tokyo.ac.jp/repo/s/agriculture/document/d6210358-1b3e-2274-688f-08add7189baf,https://www.lib.u-tokyo.ac.jp/ja/library/contents/archives-top/reuse,https://iiif.dl.itc.u-tokyo.ac.jp/repo/files/medium/4b7300af4b7d19dee9e9568a7b67af3098480e23.jpg,https://iiif.dl.itc.u-tokyo.ac.jp/repo/api/items/1249158,"東京大学農学生命科学研究科・農学部 / Graduate School of Agricultural and Life Sciences/Faculty of Agriculture, The University of Tokyo, JAPAN",,,"農学生命科学図書館コレクション|University Library for Agricultural and Life Sciences, the University of Tokyo Collection",039,,https://iiif.dl.itc.u-tokyo.ac.jp/repo/iiif/d6210358-1b3e-2274-688f-08add7189baf/manifest,,,,,368
Results of analyse performed at the Chemical Laboratory of the Imperial College of Agriculture [2],,,"Edward Kinch, Oskar Kellner, Y. Kozai",,1877-1905,1冊,洋:88:2,almost by Y. Kozai,,,農学生命科学図書館コレクション,"Agri. Library, UTokyo Collection",,,http://tify.sub.uni-goettingen.de/demo.html?manifest=https://archdataset.dl.itc.u-tokyo.ac.jp/manifest/4d74f571-9b2d-675f-0683-8a193cfe5e54.json,4d74f571-9b2d-675f-0683-8a193cfe5e54,https://iiif.dl.itc.u-tokyo.ac.jp/repo/s/agriculture,https://iiif.dl.itc.u-tokyo.ac.jp/repo/s/agriculture/document/4d74f571-9b2d-675f-0683-8a193cfe5e54,https://www.lib.u-tokyo.ac.jp/ja/library/contents/archives-top/reuse,https://iiif.dl.itc.u-tokyo.ac.jp/repo/files/medium/3c1ae77ce4997a14770e524fa8d1cc6fd4245301.jpg,https://iiif.dl.itc.u-tokyo.ac.jp/repo/api/items/1249159,"東京大学農学生命科学研究科・農学部 / Graduate School of Agricultural and Life Sciences/Faculty of Agriculture, The University of Tokyo, JAPAN",,,"農学生命科学図書館コレクション|University Library for Agricultural and Life Sciences, the University of Tokyo Collection",040,,https://iiif.dl.itc.u-tokyo.ac.jp/repo/iiif/4d74f571-9b2d-675f-0683-8a193cfe5e54/manifest,,,,,110
"Results of analyse performed at the Chemical Laboratory of the Imperial College of Agriculture [3], Analytical results, reported by students",,,"Edward Kinch, Oskar Kellner, Y. Kozai",,1877-1905,1冊,洋:88:3,"reporeted by S. Muramatsu, T. Asano, N. Furukawa ... [et al.], partly in Japanese",,,農学生命科学図書館コレクション,"Agri. Library, UTokyo Collection",,,http://tify.sub.uni-goettingen.de/demo.html?manifest=https://archdataset.dl.itc.u-tokyo.ac.jp/manifest/44f9950d-5b3e-9234-19b6-c7b43c4509a0.json,44f9950d-5b3e-9234-19b6-c7b43c4509a0,https://iiif.dl.itc.u-tokyo.ac.jp/repo/s/agriculture,https://iiif.dl.itc.u-tokyo.ac.jp/repo/s/agriculture/document/44f9950d-5b3e-9234-19b6-c7b43c4509a0,https://www.lib.u-tokyo.ac.jp/ja/library/contents/archives-top/reuse,https://iiif.dl.itc.u-tokyo.ac.jp/repo/files/medium/07197f0c25e6af616ea5dedd6ac9a24fbf431adf.jpg,https://iiif.dl.itc.u-tokyo.ac.jp/repo/api/items/1249160,"東京大学農学生命科学研究科・農学部 / Graduate School of Agricultural and Life Sciences/Faculty of Agriculture, The University of Tokyo, JAPAN",,,"農学生命科学図書館コレクション|University Library for Agricultural and Life Sciences, the University of Tokyo Collection",041,,https://iiif.dl.itc.u-tokyo.ac.jp/repo/iiif/44f9950d-5b3e-9234-19b6-c7b43c4509a0/manifest,,,,,68
日本物産國盡 前篇巻之一(上),ニホン ブッサン クニズクシ ゼンペン,,"中島翠堂著 ; 中島仰山, 溝口月耕畫",鈴木喜右衞門,1873.8,1冊,600:1:1,,,,農学生命科学図書館コレクション,"Agri. Library, UTokyo Collection",巻之一(上),,http://tify.sub.uni-goettingen.de/demo.html?manifest=https://archdataset.dl.itc.u-tokyo.ac.jp/manifest/7641f4d6-2186-27cb-a14b-5557175d5cff.json,7641f4d6-2186-27cb-a14b-5557175d5cff,https://iiif.dl.itc.u-tokyo.ac.jp/repo/s/agriculture,https://iiif.dl.itc.u-tokyo.ac.jp/repo/s/agriculture/document/7641f4d6-2186-27cb-a14b-5557175d5cff,https://www.lib.u-tokyo.ac.jp/ja/library/contents/archives-top/reuse,https://iiif.dl.itc.u-tokyo.ac.jp/repo/files/medium/d2092dcb435163ecdbb4dd8a6dd9378acfb820b6.jpg,https://iiif.dl.itc.u-tokyo.ac.jp/repo/api/items/1249161,"東京大学農学生命科学研究科・農学部 / Graduate School of Agricultural and Life Sciences/Faculty of Agriculture, The University of Tokyo, JAPAN",http://iiif.io/api/presentation/2#rightToLeftDirection,,"農学生命科学図書館コレクション|University Library for Agricultural and Life Sciences, the University of Tokyo Collection",042,,https://iiif.dl.itc.u-tokyo.ac.jp/repo/iiif/7641f4d6-2186-27cb-a14b-5557175d5cff/manifest,,,,,23
日本物産國盡 前篇巻之二(中),ニホン ブッサン クニズクシ ゼンペン,,"中島翠堂著 ; 中島仰山, 溝口月耕畫",鈴木喜右衞門,1873.8,1冊,600:1:2,,,,農学生命科学図書館コレクション,"Agri. Library, UTokyo Collection",巻之二(中),,http://tify.sub.uni-goettingen.de/demo.html?manifest=https://archdataset.dl.itc.u-tokyo.ac.jp/manifest/d46eb2e4-3308-8768-3c2c-c835345d4f16.json,d46eb2e4-3308-8768-3c2c-c835345d4f16,https://iiif.dl.itc.u-tokyo.ac.jp/repo/s/agriculture,https://iiif.dl.itc.u-tokyo.ac.jp/repo/s/agriculture/document/d46eb2e4-3308-8768-3c2c-c835345d4f16,https://www.lib.u-tokyo.ac.jp/ja/library/contents/archives-top/reuse,https://iiif.dl.itc.u-tokyo.ac.jp/repo/files/medium/1e71e9250db867c3aa06c22c0c59903d16891138.jpg,https://iiif.dl.itc.u-tokyo.ac.jp/repo/api/items/1249162,"東京大学農学生命科学研究科・農学部 / Graduate School of Agricultural and Life Sciences/Faculty of Agriculture, The University of Tokyo, JAPAN",http://iiif.io/api/presentation/2#rightToLeftDirection,,"農学生命科学図書館コレクション|University Library for Agricultural and Life Sciences, the University of Tokyo Collection",043,,https://iiif.dl.itc.u-tokyo.ac.jp/repo/iiif/d46eb2e4-3308-8768-3c2c-c835345d4f16/manifest,,,,,32
日本物産國盡 前篇巻之三(下),ニホン ブッサン クニズクシ ゼンペン,,"中島翠堂著 ; 中島仰山, 溝口月耕畫",鈴木喜右衞門,1873.8,1冊,600:1:3,,,,農学生命科学図書館コレクション,"Agri. Library, UTokyo Collection",巻之三(下),,http://tify.sub.uni-goettingen.de/demo.html?manifest=https://archdataset.dl.itc.u-tokyo.ac.jp/manifest/afc99ebe-2ecc-8868-360c-d0de65d61e98.json,afc99ebe-2ecc-8868-360c-d0de65d61e98,https://iiif.dl.itc.u-tokyo.ac.jp/repo/s/agriculture,https://iiif.dl.itc.u-tokyo.ac.jp/repo/s/agriculture/document/afc99ebe-2ecc-8868-360c-d0de65d61e98,https://www.lib.u-tokyo.ac.jp/ja/library/contents/archives-top/reuse,https://iiif.dl.itc.u-tokyo.ac.jp/repo/files/medium/0fbc84dd2e140498a4cc78d031034a5d2412263b.jpg,https://iiif.dl.itc.u-tokyo.ac.jp/repo/api/items/1249163,"東京大学農学生命科学研究科・農学部 / Graduate School of Agricultural and Life Sciences/Faculty of Agriculture, The University of Tokyo, JAPAN",http://iiif.io/api/presentation/2#rightToLeftDirection,,"農学生命科学図書館コレクション|University Library for Agricultural and Life Sciences, the University of Tokyo Collection",044,,https://iiif.dl.itc.u-tokyo.ac.jp/repo/iiif/afc99ebe-2ecc-8868-360c-d0de65d61e98/manifest,,,,,55
澳國博覽會報告書 [議院部 上-下],オウコク ハクランカイ ホウコクショ ギインブ,,,[澳国博覧会事務局],1875.8序,1冊,600:3:1,,,,農学生命科学図書館コレクション,"Agri. Library, UTokyo Collection",[議院部 上-下],,http://tify.sub.uni-goettingen.de/demo.html?manifest=https://archdataset.dl.itc.u-tokyo.ac.jp/manifest/1562ca02-6f67-313f-4f4e-14214acc7f40.json,1562ca02-6f67-313f-4f4e-14214acc7f40,https://iiif.dl.itc.u-tokyo.ac.jp/repo/s/agriculture,https://iiif.dl.itc.u-tokyo.ac.jp/repo/s/agriculture/document/1562ca02-6f67-313f-4f4e-14214acc7f40,https://www.lib.u-tokyo.ac.jp/ja/library/contents/archives-top/reuse,https://iiif.dl.itc.u-tokyo.ac.jp/repo/files/medium/450226c5ec3d99e7a1cc07fc89c7752e8e67be35.jpg,https://iiif.dl.itc.u-tokyo.ac.jp/repo/api/items/1249164,"東京大学農学生命科学研究科・農学部 / Graduate School of Agricultural and Life Sciences/Faculty of Agriculture, The University of Tokyo, JAPAN",http://iiif.io/api/presentation/2#rightToLeftDirection,,"農学生命科学図書館コレクション|University Library for Agricultural and Life Sciences, the University of Tokyo Collection",045,,https://iiif.dl.itc.u-tokyo.ac.jp/repo/iiif/1562ca02-6f67-313f-4f4e-14214acc7f40/manifest,,,,,120
澳國博覽會報告書 礼法部,オウコク ハクランカイ ホウコクショ レイホウブ,,,[澳国博覧会事務局],1875.8序,1冊,600:3:2,,,,農学生命科学図書館コレクション,"Agri. Library, UTokyo Collection",礼法部,,http://tify.sub.uni-goettingen.de/demo.html?manifest=https://archdataset.dl.itc.u-tokyo.ac.jp/manifest/00d56783-91e9-80a4-35b8-33f959a45063.json,00d56783-91e9-80a4-35b8-33f959a45063,https://iiif.dl.itc.u-tokyo.ac.jp/repo/s/agriculture,https://iiif.dl.itc.u-tokyo.ac.jp/repo/s/agriculture/document/00d56783-91e9-80a4-35b8-33f959a45063,https://www.lib.u-tokyo.ac.jp/ja/library/contents/archives-top/reuse,https://iiif.dl.itc.u-tokyo.ac.jp/repo/files/medium/6e5d14a047d82c524e04281e4a622f03f8f8f9d6.jpg,https://iiif.dl.itc.u-tokyo.ac.jp/repo/api/items/1249165,"東京大学農学生命科学研究科・農学部 / Graduate School of Agricultural and Life Sciences/Faculty of Agriculture, The University of Tokyo, JAPAN",http://iiif.io/api/presentation/2#rightToLeftDirection,,"農学生命科学図書館コレクション|University Library for Agricultural and Life Sciences, the University of Tokyo Collection",046,,https://iiif.dl.itc.u-tokyo.ac.jp/repo/iiif/00d56783-91e9-80a4-35b8-33f959a45063/manifest,,,,,76
澳國博覽會報告書 博物館部 下,オウコク ハクランカイ ホウコクショ ハクブツカンブ,,,[澳国博覧会事務局],1875.8序,1冊,600:3:3,,,,農学生命科学図書館コレクション,"Agri. Library, UTokyo Collection",博物館部 下,,http://tify.sub.uni-goettingen.de/demo.html?manifest=https://archdataset.dl.itc.u-tokyo.ac.jp/manifest/19dd4309-44fb-3da3-6648-2b8057719ca1.json,19dd4309-44fb-3da3-6648-2b8057719ca1,https://iiif.dl.itc.u-tokyo.ac.jp/repo/s/agriculture,https://iiif.dl.itc.u-tokyo.ac.jp/repo/s/agriculture/document/19dd4309-44fb-3da3-6648-2b8057719ca1,https://www.lib.u-tokyo.ac.jp/ja/library/contents/archives-top/reuse,https://iiif.dl.itc.u-tokyo.ac.jp/repo/files/medium/8e36e9cf933bce99e082ba384f4bc84c7fd702cd.jpg,https://iiif.dl.itc.u-tokyo.ac.jp/repo/api/items/1249166,"東京大学農学生命科学研究科・農学部 / Graduate School of Agricultural and Life Sciences/Faculty of Agriculture, The University of Tokyo, JAPAN",http://iiif.io/api/presentation/2#rightToLeftDirection,,"農学生命科学図書館コレクション|University Library for Agricultural and Life Sciences, the University of Tokyo Collection",047,,https://iiif.dl.itc.u-tokyo.ac.jp/repo/iiif/19dd4309-44fb-3da3-6648-2b8057719ca1/manifest,,,,,61
澳國博覽會報告書 道路部,オウコク ハクランカイ ホウコクショ ドウロブ,,,[澳国博覧会事務局],1875.8序,1冊,600:3:4,,,,農学生命科学図書館コレクション,"Agri. Library, UTokyo Collection",道路部,,http://tify.sub.uni-goettingen.de/demo.html?manifest=https://archdataset.dl.itc.u-tokyo.ac.jp/manifest/46e4fe3f-3e7d-5f03-3639-d677f9b51cdb.json,46e4fe3f-3e7d-5f03-3639-d677f9b51cdb,https://iiif.dl.itc.u-tokyo.ac.jp/repo/s/agriculture,https://iiif.dl.itc.u-tokyo.ac.jp/repo/s/agriculture/document/46e4fe3f-3e7d-5f03-3639-d677f9b51cdb,https://www.lib.u-tokyo.ac.jp/ja/library/contents/archives-top/reuse,https://iiif.dl.itc.u-tokyo.ac.jp/repo/files/medium/3dae14dc7e87a6f10acc786bf10c9a3c9694ac5a.jpg,https://iiif.dl.itc.u-tokyo.ac.jp/repo/api/items/1249167,"東京大学農学生命科学研究科・農学部 / Graduate School of Agricultural and Life Sciences/Faculty of Agriculture, The University of Tokyo, JAPAN",http://iiif.io/api/presentation/2#rightToLeftDirection,,"農学生命科学図書館コレクション|University Library for Agricultural and Life Sciences, the University of Tokyo Collection",048,,https://iiif.dl.itc.u-tokyo.ac.jp/repo/iiif/46e4fe3f-3e7d-5f03-3639-d677f9b51cdb/manifest,,,,,102
澳國博覽會報告書 山林部 上,オウコク ハクランカイ ホウコクショ サンリンブ,,,[澳国博覧会事務局],1875.8序,1冊,600:3:5,,,,農学生命科学図書館コレクション,"Agri. Library, UTokyo Collection",山林部 上,,http://tify.sub.uni-goettingen.de/demo.html?manifest=https://archdataset.dl.itc.u-tokyo.ac.jp/manifest/9bf458c7-9263-366c-360b-324933ab9469.json,9bf458c7-9263-366c-360b-324933ab9469,https://iiif.dl.itc.u-tokyo.ac.jp/repo/s/agriculture,https://iiif.dl.itc.u-tokyo.ac.jp/repo/s/agriculture/document/9bf458c7-9263-366c-360b-324933ab9469,https://www.lib.u-tokyo.ac.jp/ja/library/contents/archives-top/reuse,https://iiif.dl.itc.u-tokyo.ac.jp/repo/files/medium/275e954d62c2542b2c4c3d884dd686fc2ed45b4a.jpg,https://iiif.dl.itc.u-tokyo.ac.jp/repo/api/items/1249168,"東京大学農学生命科学研究科・農学部 / Graduate School of Agricultural and Life Sciences/Faculty of Agriculture, The University of Tokyo, JAPAN",http://iiif.io/api/presentation/2#rightToLeftDirection,,"農学生命科学図書館コレクション|University Library for Agricultural and Life Sciences, the University of Tokyo Collection",049,,https://iiif.dl.itc.u-tokyo.ac.jp/repo/iiif/9bf458c7-9263-366c-360b-324933ab9469/manifest,,,,,51
澳國博覽會報告書 山林部 中,オウコク ハクランカイ ホウコクショ サンリンブ,,,[澳国博覧会事務局],1875.8序,1冊,600:3:6,,,,農学生命科学図書館コレクション,"Agri. Library, UTokyo Collection",山林部 中,,http://tify.sub.uni-goettingen.de/demo.html?manifest=https://archdataset.dl.itc.u-tokyo.ac.jp/manifest/4d89457e-1598-98c0-5511-332b13c81009.json,4d89457e-1598-98c0-5511-332b13c81009,https://iiif.dl.itc.u-tokyo.ac.jp/repo/s/agriculture,https://iiif.dl.itc.u-tokyo.ac.jp/repo/s/agriculture/document/4d89457e-1598-98c0-5511-332b13c81009,https://www.lib.u-tokyo.ac.jp/ja/library/contents/archives-top/reuse,https://iiif.dl.itc.u-tokyo.ac.jp/repo/files/medium/f273b8ff4ff8e2479e4d46af8af27482154a2037.jpg,https://iiif.dl.itc.u-tokyo.ac.jp/repo/api/items/1249169,"東京大学農学生命科学研究科・農学部 / Graduate School of Agricultural and Life Sciences/Faculty of Agriculture, The University of Tokyo, JAPAN",http://iiif.io/api/presentation/2#rightToLeftDirection,,"農学生命科学図書館コレクション|University Library for Agricultural and Life Sciences, the University of Tokyo Collection",050,,https://iiif.dl.itc.u-tokyo.ac.jp/repo/iiif/4d89457e-1598-98c0-5511-332b13c81009/manifest,,,,,68
澳國博覽會報告書 [蚕業部 上-下],オウコク ハクランカイ ホウコクショ サンギョウブ,,,[澳国博覧会事務局],1875.8序,1冊,600:3:7,,,,農学生命科学図書館コレクション,"Agri. Library, UTokyo Collection",[蚕業部 上-下],,http://tify.sub.uni-goettingen.de/demo.html?manifest=https://archdataset.dl.itc.u-tokyo.ac.jp/manifest/2b127bc1-7e6b-08d4-70a8-f16005ff7d88.json,2b127bc1-7e6b-08d4-70a8-f16005ff7d88,https://iiif.dl.itc.u-tokyo.ac.jp/repo/s/agriculture,https://iiif.dl.itc.u-tokyo.ac.jp/repo/s/agriculture/document/2b127bc1-7e6b-08d4-70a8-f16005ff7d88,https://www.lib.u-tokyo.ac.jp/ja/library/contents/archives-top/reuse,https://iiif.dl.itc.u-tokyo.ac.jp/repo/files/medium/aa0576c478bfe2f1bd13a4b44e35dec80232c950.jpg,https://iiif.dl.itc.u-tokyo.ac.jp/repo/api/items/1249170,"東京大学農学生命科学研究科・農学部 / Graduate School of Agricultural and Life Sciences/Faculty of Agriculture, The University of Tokyo, JAPAN",http://iiif.io/api/presentation/2#rightToLeftDirection,,"農学生命科学図書館コレクション|University Library for Agricultural and Life Sciences, the University of Tokyo Collection",051,,https://iiif.dl.itc.u-tokyo.ac.jp/repo/iiif/2b127bc1-7e6b-08d4-70a8-f16005ff7d88/manifest,,,,,167
澳國博覽會報告書 教育部 上,オウコク ハクランカイ ホウコクショ キョウイクブ,,,[澳国博覧会事務局],1875.8序,1冊,600:3:8,,,,農学生命科学図書館コレクション,"Agri. Library, UTokyo Collection",教育部 上,,http://tify.sub.uni-goettingen.de/demo.html?manifest=https://archdataset.dl.itc.u-tokyo.ac.jp/manifest/bbccb4cf-954c-7ee2-3e2f-1ca03ceb8010.json,bbccb4cf-954c-7ee2-3e2f-1ca03ceb8010,https://iiif.dl.itc.u-tokyo.ac.jp/repo/s/agriculture,https://iiif.dl.itc.u-tokyo.ac.jp/repo/s/agriculture/document/bbccb4cf-954c-7ee2-3e2f-1ca03ceb8010,https://www.lib.u-tokyo.ac.jp/ja/library/contents/archives-top/reuse,https://iiif.dl.itc.u-tokyo.ac.jp/repo/files/medium/70860cf0b252ca2721b97a66ea6be903052436fa.jpg,https://iiif.dl.itc.u-tokyo.ac.jp/repo/api/items/1249171,"東京大学農学生命科学研究科・農学部 / Graduate School of Agricultural and Life Sciences/Faculty of Agriculture, The University of Tokyo, JAPAN",http://iiif.io/api/presentation/2#rightToLeftDirection,,"農学生命科学図書館コレクション|University Library for Agricultural and Life Sciences, the University of Tokyo Collection",052,,https://iiif.dl.itc.u-tokyo.ac.jp/repo/iiif/bbccb4cf-954c-7ee2-3e2f-1ca03ceb8010/manifest,,,,,108
澳國博覽會報告書 教育部 下,オウコク ハクランカイ ホウコクショ キョウイクブ,,,[澳国博覧会事務局],1875.8序,1冊,600:3:9,,,,農学生命科学図書館コレクション,"Agri. Library, UTokyo Collection",教育部 下,,http://tify.sub.uni-goettingen.de/demo.html?manifest=https://archdataset.dl.itc.u-tokyo.ac.jp/manifest/4cfd343e-3588-7466-543b-813a9c147fd0.json,4cfd343e-3588-7466-543b-813a9c147fd0,https://iiif.dl.itc.u-tokyo.ac.jp/repo/s/agriculture,https://iiif.dl.itc.u-tokyo.ac.jp/repo/s/agriculture/document/4cfd343e-3588-7466-543b-813a9c147fd0,https://www.lib.u-tokyo.ac.jp/ja/library/contents/archives-top/reuse,https://iiif.dl.itc.u-tokyo.ac.jp/repo/files/medium/eccac7d9fb486e1d22d87ae35c6ff6c7a8a8b1b7.jpg,https://iiif.dl.itc.u-tokyo.ac.jp/repo/api/items/1249172,"東京大学農学生命科学研究科・農学部 / Graduate School of Agricultural and Life Sciences/Faculty of Agriculture, The University of Tokyo, JAPAN",http://iiif.io/api/presentation/2#rightToLeftDirection,,"農学生命科学図書館コレクション|University Library for Agricultural and Life Sciences, the University of Tokyo Collection",053,,https://iiif.dl.itc.u-tokyo.ac.jp/repo/iiif/4cfd343e-3588-7466-543b-813a9c147fd0/manifest,,,,,76
澳國博覽會報告書 兵制部 上,オウコク ハクランカイ ホウコクショ ヘイセイブ,,,[澳国博覧会事務局],1875.8序,1冊,600:3:10,,,,農学生命科学図書館コレクション,"Agri. Library, UTokyo Collection",兵制部 上,,http://tify.sub.uni-goettingen.de/demo.html?manifest=https://archdataset.dl.itc.u-tokyo.ac.jp/manifest/1950682f-09ce-19f8-5793-dace838326ee.json,1950682f-09ce-19f8-5793-dace838326ee,https://iiif.dl.itc.u-tokyo.ac.jp/repo/s/agriculture,https://iiif.dl.itc.u-tokyo.ac.jp/repo/s/agriculture/document/1950682f-09ce-19f8-5793-dace838326ee,https://www.lib.u-tokyo.ac.jp/ja/library/contents/archives-top/reuse,https://iiif.dl.itc.u-tokyo.ac.jp/repo/files/medium/9c6cd6ac5b3701ffc76a10d0c3c9bb16f05baf35.jpg,https://iiif.dl.itc.u-tokyo.ac.jp/repo/api/items/1249173,"東京大学農学生命科学研究科・農学部 / Graduate School of Agricultural and Life Sciences/Faculty of Agriculture, The University of Tokyo, JAPAN",http://iiif.io/api/presentation/2#rightToLeftDirection,,"農学生命科学図書館コレクション|University Library for Agricultural and Life Sciences, the University of Tokyo Collection",054,,https://iiif.dl.itc.u-tokyo.ac.jp/repo/iiif/1950682f-09ce-19f8-5793-dace838326ee/manifest,,,,,61
澳國博覽會報告書 [兵制部 中-下],オウコク ハクランカイ ホウコクショ ヘイセイブ,,,[澳国博覧会事務局],1875.8序,1冊,600:3:11,,,,農学生命科学図書館コレクション,"Agri. Library, UTokyo Collection",[兵制部 中-下],,http://tify.sub.uni-goettingen.de/demo.html?manifest=https://archdataset.dl.itc.u-tokyo.ac.jp/manifest/0ce52322-6da1-9a59-4711-982c02250b22.json,0ce52322-6da1-9a59-4711-982c02250b22,https://iiif.dl.itc.u-tokyo.ac.jp/repo/s/agriculture,https://iiif.dl.itc.u-tokyo.ac.jp/repo/s/agriculture/document/0ce52322-6da1-9a59-4711-982c02250b22,https://www.lib.u-tokyo.ac.jp/ja/library/contents/archives-top/reuse,https://iiif.dl.itc.u-tokyo.ac.jp/repo/files/medium/2af66f92eb88a87bd94b72d307006b0eb99c4858.jpg,https://iiif.dl.itc.u-tokyo.ac.jp/repo/api/items/1249174,"東京大学農学生命科学研究科・農学部 / Graduate School of Agricultural and Life Sciences/Faculty of Agriculture, The University of Tokyo, JAPAN",http://iiif.io/api/presentation/2#rightToLeftDirection,,"農学生命科学図書館コレクション|University Library for Agricultural and Life Sciences, the University of Tokyo Collection",055,,https://iiif.dl.itc.u-tokyo.ac.jp/repo/iiif/0ce52322-6da1-9a59-4711-982c02250b22/manifest,,,,,142
澳國博覽會報告書 博覧会部 上,オウコク ハクランカイ ホウコクショ ハクランカイブ,,,[澳国博覧会事務局],1875.8序,1冊,600:3:12,,,,農学生命科学図書館コレクション,"Agri. Library, UTokyo Collection",博覧会部 上,,http://tify.sub.uni-goettingen.de/demo.html?manifest=https://archdataset.dl.itc.u-tokyo.ac.jp/manifest/a614068b-94a2-069e-6cc9-c9c27c2a37e7.json,a614068b-94a2-069e-6cc9-c9c27c2a37e7,https://iiif.dl.itc.u-tokyo.ac.jp/repo/s/agriculture,https://iiif.dl.itc.u-tokyo.ac.jp/repo/s/agriculture/document/a614068b-94a2-069e-6cc9-c9c27c2a37e7,https://www.lib.u-tokyo.ac.jp/ja/library/contents/archives-top/reuse,https://iiif.dl.itc.u-tokyo.ac.jp/repo/files/medium/c3c242db43cdbe47d9ede3fab0bd0ba8d4bd3447.jpg,https://iiif.dl.itc.u-tokyo.ac.jp/repo/api/items/1249175,"東京大学農学生命科学研究科・農学部 / Graduate School of Agricultural and Life Sciences/Faculty of Agriculture, The University of Tokyo, JAPAN",http://iiif.io/api/presentation/2#rightToLeftDirection,,"農学生命科学図書館コレクション|University Library for Agricultural and Life Sciences, the University of Tokyo Collection",056,,https://iiif.dl.itc.u-tokyo.ac.jp/repo/iiif/a614068b-94a2-069e-6cc9-c9c27c2a37e7/manifest,,,,,50
澳國博覽會報告書 銕路部,オウコク ハクランカイ ホウコクショ テツロブ,,,[澳国博覧会事務局],1875.8序,1冊,600:3:13,,,,農学生命科学図書館コレクション,"Agri. Library, UTokyo Collection",銕路部,,http://tify.sub.uni-goettingen.de/demo.html?manifest=https://archdataset.dl.itc.u-tokyo.ac.jp/manifest/67adb7ee-13a9-8527-98dd-582ab6d1815e.json,67adb7ee-13a9-8527-98dd-582ab6d1815e,https://iiif.dl.itc.u-tokyo.ac.jp/repo/s/agriculture,https://iiif.dl.itc.u-tokyo.ac.jp/repo/s/agriculture/document/67adb7ee-13a9-8527-98dd-582ab6d1815e,https://www.lib.u-tokyo.ac.jp/ja/library/contents/archives-top/reuse,https://iiif.dl.itc.u-tokyo.ac.jp/repo/files/medium/a5564ba6c799b80eaf9957eb0e2e966e4ee5a8bf.jpg,https://iiif.dl.itc.u-tokyo.ac.jp/repo/api/items/1249176,"東京大学農学生命科学研究科・農学部 / Graduate School of Agricultural and Life Sciences/Faculty of Agriculture, The University of Tokyo, JAPAN",http://iiif.io/api/presentation/2#rightToLeftDirection,,"農学生命科学図書館コレクション|University Library for Agricultural and Life Sciences, the University of Tokyo Collection",057,,https://iiif.dl.itc.u-tokyo.ac.jp/repo/iiif/67adb7ee-13a9-8527-98dd-582ab6d1815e/manifest,,,,,85
澳國博覽會報告書 [貿易部 上-下],オウコク ハクランカイ ホウコクショ ボウエキブ,,,[澳国博覧会事務局],1875.8序,1冊,600:3:14,,,,農学生命科学図書館コレクション,"Agri. Library, UTokyo Collection",[貿易部 上-下],,http://tify.sub.uni-goettingen.de/demo.html?manifest=https://archdataset.dl.itc.u-tokyo.ac.jp/manifest/69cda5ec-59a8-75d3-9302-903deddd1b1b.json,69cda5ec-59a8-75d3-9302-903deddd1b1b,https://iiif.dl.itc.u-tokyo.ac.jp/repo/s/agriculture,https://iiif.dl.itc.u-tokyo.ac.jp/repo/s/agriculture/document/69cda5ec-59a8-75d3-9302-903deddd1b1b,https://www.lib.u-tokyo.ac.jp/ja/library/contents/archives-top/reuse,https://iiif.dl.itc.u-tokyo.ac.jp/repo/files/medium/5bbd2a3e2b4b04e446d48a8241dc2e1bf15460f3.jpg,https://iiif.dl.itc.u-tokyo.ac.jp/repo/api/items/1249177,"東京大学農学生命科学研究科・農学部 / Graduate School of Agricultural and Life Sciences/Faculty of Agriculture, The University of Tokyo, JAPAN",http://iiif.io/api/presentation/2#rightToLeftDirection,,"農学生命科学図書館コレクション|University Library for Agricultural and Life Sciences, the University of Tokyo Collection",058,,https://iiif.dl.itc.u-tokyo.ac.jp/repo/iiif/69cda5ec-59a8-75d3-9302-903deddd1b1b/manifest,,,,,182
澳國博覽會報告書 風俗制度部 上,オウコク ハクランカイ ホウコクショ フウゾク セイドブ,,,[澳国博覧会事務局],1875.8序,1冊,600:3:15,,,,農学生命科学図書館コレクション,"Agri. Library, UTokyo Collection",風俗制度部 上,,http://tify.sub.uni-goettingen.de/demo.html?manifest=https://archdataset.dl.itc.u-tokyo.ac.jp/manifest/4b5c431e-9ef6-3488-98b7-52829fe7a21f.json,4b5c431e-9ef6-3488-98b7-52829fe7a21f,https://iiif.dl.itc.u-tokyo.ac.jp/repo/s/agriculture,https://iiif.dl.itc.u-tokyo.ac.jp/repo/s/agriculture/document/4b5c431e-9ef6-3488-98b7-52829fe7a21f,https://www.lib.u-tokyo.ac.jp/ja/library/contents/archives-top/reuse,https://iiif.dl.itc.u-tokyo.ac.jp/repo/files/medium/94bb24db808b24eeb9166bb9d50279f6ccfe51f1.jpg,https://iiif.dl.itc.u-tokyo.ac.jp/repo/api/items/1249178,"東京大学農学生命科学研究科・農学部 / Graduate School of Agricultural and Life Sciences/Faculty of Agriculture, The University of Tokyo, JAPAN",http://iiif.io/api/presentation/2#rightToLeftDirection,,"農学生命科学図書館コレクション|University Library for Agricultural and Life Sciences, the University of Tokyo Collection",059,,https://iiif.dl.itc.u-tokyo.ac.jp/repo/iiif/4b5c431e-9ef6-3488-98b7-52829fe7a21f/manifest,,,,,101
澳國博覽會報告書 風俗制度部 下,オウコク ハクランカイ ホウコクショ フウゾク セイドブ,,,[澳国博覧会事務局],1875.8序,1冊,600:3:16,,,,農学生命科学図書館コレクション,"Agri. Library, UTokyo Collection",風俗制度部 下,,http://tify.sub.uni-goettingen.de/demo.html?manifest=https://archdataset.dl.itc.u-tokyo.ac.jp/manifest/84b46f92-0a4f-19b2-7e7e-3601f1cb0c75.json,84b46f92-0a4f-19b2-7e7e-3601f1cb0c75,https://iiif.dl.itc.u-tokyo.ac.jp/repo/s/agriculture,https://iiif.dl.itc.u-tokyo.ac.jp/repo/s/agriculture/document/84b46f92-0a4f-19b2-7e7e-3601f1cb0c75,https://www.lib.u-tokyo.ac.jp/ja/library/contents/archives-top/reuse,https://iiif.dl.itc.u-tokyo.ac.jp/repo/files/medium/975b0f324e47da401ca09a5d855a7cc0ed27315c.jpg,https://iiif.dl.itc.u-tokyo.ac.jp/repo/api/items/1249179,"東京大学農学生命科学研究科・農学部 / Graduate School of Agricultural and Life Sciences/Faculty of Agriculture, The University of Tokyo, JAPAN",http://iiif.io/api/presentation/2#rightToLeftDirection,,"農学生命科学図書館コレクション|University Library for Agricultural and Life Sciences, the University of Tokyo Collection",060,,https://iiif.dl.itc.u-tokyo.ac.jp/repo/iiif/84b46f92-0a4f-19b2-7e7e-3601f1cb0c75/manifest,,,,,97
澳國博覽會報告書 附録 上,オウコク ハクランカイ ホウコクショ フロク,,,[澳国博覧会事務局],1875.8序,1冊,600:3:17,,,,農学生命科学図書館コレクション,"Agri. Library, UTokyo Collection",附録 上,,http://tify.sub.uni-goettingen.de/demo.html?manifest=https://archdataset.dl.itc.u-tokyo.ac.jp/manifest/738079d0-9eac-9d25-9169-d5de6bd2a600.json,738079d0-9eac-9d25-9169-d5de6bd2a600,https://iiif.dl.itc.u-tokyo.ac.jp/repo/s/agriculture,https://iiif.dl.itc.u-tokyo.ac.jp/repo/s/agriculture/document/738079d0-9eac-9d25-9169-d5de6bd2a600,https://www.lib.u-tokyo.ac.jp/ja/library/contents/archives-top/reuse,https://iiif.dl.itc.u-tokyo.ac.jp/repo/files/medium/18550641df2cb8c1a89b23c27b5e875eb945b3e8.jpg,https://iiif.dl.itc.u-tokyo.ac.jp/repo/api/items/1249180,"東京大学農学生命科学研究科・農学部 / Graduate School of Agricultural and Life Sciences/Faculty of Agriculture, The University of Tokyo, JAPAN",http://iiif.io/api/presentation/2#rightToLeftDirection,,"農学生命科学図書館コレクション|University Library for Agricultural and Life Sciences, the University of Tokyo Collection",061,,https://iiif.dl.itc.u-tokyo.ac.jp/repo/iiif/738079d0-9eac-9d25-9169-d5de6bd2a600/manifest,,,,,86
澳國博覽會報告書 附録 下,オウコク ハクランカイ ホウコクショ フロク,,,[澳国博覧会事務局],1875.8序,1冊,600:3:18,,,,農学生命科学図書館コレクション,"Agri. Library, UTokyo Collection",附録 下,,http://tify.sub.uni-goettingen.de/demo.html?manifest=https://archdataset.dl.itc.u-tokyo.ac.jp/manifest/9f410855-9663-1ee3-a296-481ef7d57da6.json,9f410855-9663-1ee3-a296-481ef7d57da6,https://iiif.dl.itc.u-tokyo.ac.jp/repo/s/agriculture,https://iiif.dl.itc.u-tokyo.ac.jp/repo/s/agriculture/document/9f410855-9663-1ee3-a296-481ef7d57da6,https://www.lib.u-tokyo.ac.jp/ja/library/contents/archives-top/reuse,https://iiif.dl.itc.u-tokyo.ac.jp/repo/files/medium/62aa4fd87a6deb93694cb03b7e0b0f53629a05ce.jpg,https://iiif.dl.itc.u-tokyo.ac.jp/repo/api/items/1249181,"東京大学農学生命科学研究科・農学部 / Graduate School of Agricultural and Life Sciences/Faculty of Agriculture, The University of Tokyo, JAPAN",http://iiif.io/api/presentation/2#rightToLeftDirection,,"農学生命科学図書館コレクション|University Library for Agricultural and Life Sciences, the University of Tokyo Collection",062,,https://iiif.dl.itc.u-tokyo.ac.jp/repo/iiif/9f410855-9663-1ee3-a296-481ef7d57da6/manifest,,,,,59
