タイトル/Title,書誌情報/Bibliographic Information,請求記号/Call No.,タイトル（ヨミ）,資料番号/Barcode No.,所蔵図書館室/Holding Library,書誌ID,巻,メモ,文庫区分,iiif viewer,ID,ウェブサイトURL,アイテムURL,利用条件,サムネイル,機械可読ドキュメント,帰属,viewingDirection,viewingHint,コレクション,ソート用項目,西暦,IIIFマニフェストURI,IIIF Search API URI,アノテーション付きIIIFマニフェストURI,Link to TAPAS Project,Text with Rich Text Format,# of media
dcterms:title,dcterms:description,dcndl:callNumber,dcndl:titleTranscription,dcterms:identifier,dcndl:holdingAgent,dcndl:sourceIdentifier,dcndl:volume,archiveshub:note,uterms:bunko,iiif viewer,bibo:identifier,dcterms:isPartOf,dcterms:relation,dcterms:rights,foaf:thumbnail,rdfs:seeAlso,sc:attributionLabel,sc:viewingDirection,sc:viewingHint,uterms:databaseLabel,uterms:sort,uterms:year,uterms:manifestUri,uterms:searchApiUri,uterms:annotedManifest,uterms:linkToTapas,uterms:rtf,1393
尾張名所圖會 [1],"尾張名所圖會 / 岡田啓(文園), 野口道直(梅居)仝撰 ; 小田切忠近(春江)圖畫 ; 前編巻之1 - 後編巻之6. -- 片野東四郎, 1880. -- 13冊 : 挿図 ; 26cm.",090:2:21-1,オワリ メイショ ズエ,3003193228,駒場図書館,2000744089,前編巻之1,,江戸古版本,http://tify.sub.uni-goettingen.de/demo.html?manifest=https://archdataset.dl.itc.u-tokyo.ac.jp/manifest/d36c2c60-9f38-415e-931a-8a0994803862.json,d36c2c60-9f38-415e-931a-8a0994803862,https://iiif.dl.itc.u-tokyo.ac.jp/repo/s/komabalib_rarematerial,https://iiif.dl.itc.u-tokyo.ac.jp/repo/s/komabalib_rarematerial/document/d36c2c60-9f38-415e-931a-8a0994803862,https://www.lib.u-tokyo.ac.jp/ja/library/komaba/user-guide/special-use/archives-data,https://iiif.dl.itc.u-tokyo.ac.jp/repo/files/medium/54de4539ea9dd6ad41e9e7693f111704b7bd9a37.jpg,https://iiif.dl.itc.u-tokyo.ac.jp/repo/api/items/1228295,"東京大学駒場図書館 Komaba Library, The University of Tokyo, JAPAN",http://iiif.io/api/presentation/2#rightToLeftDirection,,駒場図書館貴重資料デジタルコレクション,edokohan-001,,https://iiif.dl.itc.u-tokyo.ac.jp/repo/iiif/d36c2c60-9f38-415e-931a-8a0994803862/manifest,,,,,89
尾張名所圖會 [2],"尾張名所圖會 / 岡田啓(文園), 野口道直(梅居)仝撰 ; 小田切忠近(春江)圖畫 ; 前編巻之1 - 後編巻之6. -- 片野東四郎, 1880. -- 13冊 : 挿図 ; 26cm.",090:2:21-1,オワリ メイショ ズエ,3003193236,駒場図書館,2000744089,前編巻之2,,江戸古版本,http://tify.sub.uni-goettingen.de/demo.html?manifest=https://archdataset.dl.itc.u-tokyo.ac.jp/manifest/66405104-9002-19bd-7921-6af895c63863.json,66405104-9002-19bd-7921-6af895c63863,https://iiif.dl.itc.u-tokyo.ac.jp/repo/s/komabalib_rarematerial,https://iiif.dl.itc.u-tokyo.ac.jp/repo/s/komabalib_rarematerial/document/66405104-9002-19bd-7921-6af895c63863,https://www.lib.u-tokyo.ac.jp/ja/library/komaba/user-guide/special-use/archives-data,https://iiif.dl.itc.u-tokyo.ac.jp/repo/files/medium/c31d47f826a46060d333a183dfff21686339b7e1.jpg,https://iiif.dl.itc.u-tokyo.ac.jp/repo/api/items/1228296,"東京大学駒場図書館 Komaba Library, The University of Tokyo, JAPAN",http://iiif.io/api/presentation/2#rightToLeftDirection,,駒場図書館貴重資料デジタルコレクション,edokohan-002,,https://iiif.dl.itc.u-tokyo.ac.jp/repo/iiif/66405104-9002-19bd-7921-6af895c63863/manifest,,,,,72
尾張名所圖會 [3],"尾張名所圖會 / 岡田啓(文園), 野口道直(梅居)仝撰 ; 小田切忠近(春江)圖畫 ; 前編巻之1 - 後編巻之6. -- 片野東四郎, 1880. -- 13冊 : 挿図 ; 26cm.",090:2:21-1,オワリ メイショ ズエ,3003193244,駒場図書館,2000744089,前編巻之3,,江戸古版本,http://tify.sub.uni-goettingen.de/demo.html?manifest=https://archdataset.dl.itc.u-tokyo.ac.jp/manifest/0988d84d-3649-015c-881a-cd78373f52e7.json,0988d84d-3649-015c-881a-cd78373f52e7,https://iiif.dl.itc.u-tokyo.ac.jp/repo/s/komabalib_rarematerial,https://iiif.dl.itc.u-tokyo.ac.jp/repo/s/komabalib_rarematerial/document/0988d84d-3649-015c-881a-cd78373f52e7,https://www.lib.u-tokyo.ac.jp/ja/library/komaba/user-guide/special-use/archives-data,https://iiif.dl.itc.u-tokyo.ac.jp/repo/files/medium/b4889062171e491f3d501d4bfda9f171b35ebfbe.jpg,https://iiif.dl.itc.u-tokyo.ac.jp/repo/api/items/1228297,"東京大学駒場図書館 Komaba Library, The University of Tokyo, JAPAN",http://iiif.io/api/presentation/2#rightToLeftDirection,,駒場図書館貴重資料デジタルコレクション,edokohan-003,,https://iiif.dl.itc.u-tokyo.ac.jp/repo/iiif/0988d84d-3649-015c-881a-cd78373f52e7/manifest,,,,,43
尾張名所圖會 [4],"尾張名所圖會 / 岡田啓(文園), 野口道直(梅居)仝撰 ; 小田切忠近(春江)圖畫 ; 前編巻之1 - 後編巻之6. -- 片野東四郎, 1880. -- 13冊 : 挿図 ; 26cm.",090:2:21-1,オワリ メイショ ズエ,3003193251,駒場図書館,2000744089,前編巻之4,,江戸古版本,http://tify.sub.uni-goettingen.de/demo.html?manifest=https://archdataset.dl.itc.u-tokyo.ac.jp/manifest/4b543247-2192-105b-8bad-e70ce6568ec7.json,4b543247-2192-105b-8bad-e70ce6568ec7,https://iiif.dl.itc.u-tokyo.ac.jp/repo/s/komabalib_rarematerial,https://iiif.dl.itc.u-tokyo.ac.jp/repo/s/komabalib_rarematerial/document/4b543247-2192-105b-8bad-e70ce6568ec7,https://www.lib.u-tokyo.ac.jp/ja/library/komaba/user-guide/special-use/archives-data,https://iiif.dl.itc.u-tokyo.ac.jp/repo/files/medium/c441f3136fc167e84ad665ee0b6e050256b66ba3.jpg,https://iiif.dl.itc.u-tokyo.ac.jp/repo/api/items/1228298,"東京大学駒場図書館 Komaba Library, The University of Tokyo, JAPAN",http://iiif.io/api/presentation/2#rightToLeftDirection,,駒場図書館貴重資料デジタルコレクション,edokohan-004,,https://iiif.dl.itc.u-tokyo.ac.jp/repo/iiif/4b543247-2192-105b-8bad-e70ce6568ec7/manifest,,,,,47
尾張名所圖會 [5],"尾張名所圖會 / 岡田啓(文園), 野口道直(梅居)仝撰 ; 小田切忠近(春江)圖畫 ; 前編巻之1 - 後編巻之6. -- 片野東四郎, 1880. -- 13冊 : 挿図 ; 26cm.",090:2:21-1,オワリ メイショ ズエ,3003193269,駒場図書館,2000744089,前編巻之5,,江戸古版本,http://tify.sub.uni-goettingen.de/demo.html?manifest=https://archdataset.dl.itc.u-tokyo.ac.jp/manifest/9d125b84-2424-1e38-2714-fcd3625b2a4b.json,9d125b84-2424-1e38-2714-fcd3625b2a4b,https://iiif.dl.itc.u-tokyo.ac.jp/repo/s/komabalib_rarematerial,https://iiif.dl.itc.u-tokyo.ac.jp/repo/s/komabalib_rarematerial/document/9d125b84-2424-1e38-2714-fcd3625b2a4b,https://www.lib.u-tokyo.ac.jp/ja/library/komaba/user-guide/special-use/archives-data,https://iiif.dl.itc.u-tokyo.ac.jp/repo/files/medium/12db5afb7402ebc1190d06fba12cfdf76a7a47d3.jpg,https://iiif.dl.itc.u-tokyo.ac.jp/repo/api/items/1228299,"東京大学駒場図書館 Komaba Library, The University of Tokyo, JAPAN",http://iiif.io/api/presentation/2#rightToLeftDirection,,駒場図書館貴重資料デジタルコレクション,edokohan-005,,https://iiif.dl.itc.u-tokyo.ac.jp/repo/iiif/9d125b84-2424-1e38-2714-fcd3625b2a4b/manifest,,,,,89
尾張名所圖會 [6],"尾張名所圖會 / 岡田啓(文園), 野口道直(梅居)仝撰 ; 小田切忠近(春江)圖畫 ; 前編巻之1 - 後編巻之6. -- 片野東四郎, 1880. -- 13冊 : 挿図 ; 26cm.",090:2:21-1,オワリ メイショ ズエ,3003193277,駒場図書館,2000744089,前編巻之6,,江戸古版本,http://tify.sub.uni-goettingen.de/demo.html?manifest=https://archdataset.dl.itc.u-tokyo.ac.jp/manifest/e825f8e3-28ac-a24d-9cf5-b2cf72e205f9.json,e825f8e3-28ac-a24d-9cf5-b2cf72e205f9,https://iiif.dl.itc.u-tokyo.ac.jp/repo/s/komabalib_rarematerial,https://iiif.dl.itc.u-tokyo.ac.jp/repo/s/komabalib_rarematerial/document/e825f8e3-28ac-a24d-9cf5-b2cf72e205f9,https://www.lib.u-tokyo.ac.jp/ja/library/komaba/user-guide/special-use/archives-data,https://iiif.dl.itc.u-tokyo.ac.jp/repo/files/medium/3366f240d3677979696783eac2b98c2a22050371.jpg,https://iiif.dl.itc.u-tokyo.ac.jp/repo/api/items/1228300,"東京大学駒場図書館 Komaba Library, The University of Tokyo, JAPAN",http://iiif.io/api/presentation/2#rightToLeftDirection,,駒場図書館貴重資料デジタルコレクション,edokohan-006,,https://iiif.dl.itc.u-tokyo.ac.jp/repo/iiif/e825f8e3-28ac-a24d-9cf5-b2cf72e205f9/manifest,,,,,82
尾張名所圖會 [7],"尾張名所圖會 / 岡田啓(文園), 野口道直(梅居)仝撰 ; 小田切忠近(春江)圖畫 ; 前編巻之1 - 後編巻之6. -- 片野東四郎, 1880. -- 13冊 : 挿図 ; 26cm.",090:2:21-1,オワリ メイショ ズエ,3003193285,駒場図書館,2000744089,前編巻之7,,江戸古版本,http://tify.sub.uni-goettingen.de/demo.html?manifest=https://archdataset.dl.itc.u-tokyo.ac.jp/manifest/cab63b57-714a-4518-0f3f-3a092aeb1a8e.json,cab63b57-714a-4518-0f3f-3a092aeb1a8e,https://iiif.dl.itc.u-tokyo.ac.jp/repo/s/komabalib_rarematerial,https://iiif.dl.itc.u-tokyo.ac.jp/repo/s/komabalib_rarematerial/document/cab63b57-714a-4518-0f3f-3a092aeb1a8e,https://www.lib.u-tokyo.ac.jp/ja/library/komaba/user-guide/special-use/archives-data,https://iiif.dl.itc.u-tokyo.ac.jp/repo/files/medium/ec104afe93bee10c1d8b4ed6935c103e219f73a4.jpg,https://iiif.dl.itc.u-tokyo.ac.jp/repo/api/items/1228301,"東京大学駒場図書館 Komaba Library, The University of Tokyo, JAPAN",http://iiif.io/api/presentation/2#rightToLeftDirection,,駒場図書館貴重資料デジタルコレクション,edokohan-007,,https://iiif.dl.itc.u-tokyo.ac.jp/repo/iiif/cab63b57-714a-4518-0f3f-3a092aeb1a8e/manifest,,,,,92
尾張名所圖會 [8],"尾張名所圖會 / 岡田啓(文園), 野口道直(梅居)仝撰 ; 小田切忠近(春江)圖畫 ; 前編巻之1 - 後編巻之6. -- 片野東四郎, 1880. -- 13冊 : 挿図 ; 26cm.",090:2:21-2,オワリ メイショ ズエ,3003193293,駒場図書館,2000744089,後編巻之1,,江戸古版本,http://tify.sub.uni-goettingen.de/demo.html?manifest=https://archdataset.dl.itc.u-tokyo.ac.jp/manifest/c888ffea-0910-1b01-3454-e9a2df511aa9.json,c888ffea-0910-1b01-3454-e9a2df511aa9,https://iiif.dl.itc.u-tokyo.ac.jp/repo/s/komabalib_rarematerial,https://iiif.dl.itc.u-tokyo.ac.jp/repo/s/komabalib_rarematerial/document/c888ffea-0910-1b01-3454-e9a2df511aa9,https://www.lib.u-tokyo.ac.jp/ja/library/komaba/user-guide/special-use/archives-data,https://iiif.dl.itc.u-tokyo.ac.jp/repo/files/medium/44b3c63a88ce49871fe1da153adf9bf9aa4809fc.jpg,https://iiif.dl.itc.u-tokyo.ac.jp/repo/api/items/1228302,"東京大学駒場図書館 Komaba Library, The University of Tokyo, JAPAN",http://iiif.io/api/presentation/2#rightToLeftDirection,,駒場図書館貴重資料デジタルコレクション,edokohan-008,,https://iiif.dl.itc.u-tokyo.ac.jp/repo/iiif/c888ffea-0910-1b01-3454-e9a2df511aa9/manifest,,,,,58
尾張名所圖會 [9],"尾張名所圖會 / 岡田啓(文園), 野口道直(梅居)仝撰 ; 小田切忠近(春江)圖畫 ; 前編巻之1 - 後編巻之6. -- 片野東四郎, 1880. -- 13冊 : 挿図 ; 26cm.",090:2:21-2,オワリ メイショ ズエ,3003193301,駒場図書館,2000744089,後編巻之2,,江戸古版本,http://tify.sub.uni-goettingen.de/demo.html?manifest=https://archdataset.dl.itc.u-tokyo.ac.jp/manifest/6ab117bb-19da-405b-a420-e521b2398fd2.json,6ab117bb-19da-405b-a420-e521b2398fd2,https://iiif.dl.itc.u-tokyo.ac.jp/repo/s/komabalib_rarematerial,https://iiif.dl.itc.u-tokyo.ac.jp/repo/s/komabalib_rarematerial/document/6ab117bb-19da-405b-a420-e521b2398fd2,https://www.lib.u-tokyo.ac.jp/ja/library/komaba/user-guide/special-use/archives-data,https://iiif.dl.itc.u-tokyo.ac.jp/repo/files/medium/bf3f25cf705d9ee7cf6ad192c4db59efa132c7ff.jpg,https://iiif.dl.itc.u-tokyo.ac.jp/repo/api/items/1228303,"東京大学駒場図書館 Komaba Library, The University of Tokyo, JAPAN",http://iiif.io/api/presentation/2#rightToLeftDirection,,駒場図書館貴重資料デジタルコレクション,edokohan-009,,https://iiif.dl.itc.u-tokyo.ac.jp/repo/iiif/6ab117bb-19da-405b-a420-e521b2398fd2/manifest,,,,,48
尾張名所圖會 [10],"尾張名所圖會 / 岡田啓(文園), 野口道直(梅居)仝撰 ; 小田切忠近(春江)圖畫 ; 前編巻之1 - 後編巻之6. -- 片野東四郎, 1880. -- 13冊 : 挿図 ; 26cm.",090:2:21-2,オワリ メイショ ズエ,3003193319,駒場図書館,2000744089,後編巻之3,,江戸古版本,http://tify.sub.uni-goettingen.de/demo.html?manifest=https://archdataset.dl.itc.u-tokyo.ac.jp/manifest/3abe91bb-8b34-730a-8620-97570b598be7.json,3abe91bb-8b34-730a-8620-97570b598be7,https://iiif.dl.itc.u-tokyo.ac.jp/repo/s/komabalib_rarematerial,https://iiif.dl.itc.u-tokyo.ac.jp/repo/s/komabalib_rarematerial/document/3abe91bb-8b34-730a-8620-97570b598be7,https://www.lib.u-tokyo.ac.jp/ja/library/komaba/user-guide/special-use/archives-data,https://iiif.dl.itc.u-tokyo.ac.jp/repo/files/medium/cd09ca15951b9caf791f9b6daf34705ddaccd2a3.jpg,https://iiif.dl.itc.u-tokyo.ac.jp/repo/api/items/1228304,"東京大学駒場図書館 Komaba Library, The University of Tokyo, JAPAN",http://iiif.io/api/presentation/2#rightToLeftDirection,,駒場図書館貴重資料デジタルコレクション,edokohan-010,,https://iiif.dl.itc.u-tokyo.ac.jp/repo/iiif/3abe91bb-8b34-730a-8620-97570b598be7/manifest,,,,,72
尾張名所圖會 [11],"尾張名所圖會 / 岡田啓(文園), 野口道直(梅居)仝撰 ; 小田切忠近(春江)圖畫 ; 前編巻之1 - 後編巻之6. -- 片野東四郎, 1880. -- 13冊 : 挿図 ; 26cm.",090:2:21-2,オワリ メイショ ズエ,3003193327,駒場図書館,2000744089,後編巻之4,,江戸古版本,http://tify.sub.uni-goettingen.de/demo.html?manifest=https://archdataset.dl.itc.u-tokyo.ac.jp/manifest/e90e3671-760b-502c-4567-f7dc6a96259b.json,e90e3671-760b-502c-4567-f7dc6a96259b,https://iiif.dl.itc.u-tokyo.ac.jp/repo/s/komabalib_rarematerial,https://iiif.dl.itc.u-tokyo.ac.jp/repo/s/komabalib_rarematerial/document/e90e3671-760b-502c-4567-f7dc6a96259b,https://www.lib.u-tokyo.ac.jp/ja/library/komaba/user-guide/special-use/archives-data,https://iiif.dl.itc.u-tokyo.ac.jp/repo/files/medium/c617b6ea053c96c4f71dfa3665a6a6c4067efe03.jpg,https://iiif.dl.itc.u-tokyo.ac.jp/repo/api/items/1228305,"東京大学駒場図書館 Komaba Library, The University of Tokyo, JAPAN",http://iiif.io/api/presentation/2#rightToLeftDirection,,駒場図書館貴重資料デジタルコレクション,edokohan-011,,https://iiif.dl.itc.u-tokyo.ac.jp/repo/iiif/e90e3671-760b-502c-4567-f7dc6a96259b/manifest,,,,,66
尾張名所圖會 [12],"尾張名所圖會 / 岡田啓(文園), 野口道直(梅居)仝撰 ; 小田切忠近(春江)圖畫 ; 前編巻之1 - 後編巻之6. -- 片野東四郎, 1880. -- 13冊 : 挿図 ; 26cm.",090:2:21-2,オワリ メイショ ズエ,3003193335,駒場図書館,2000744089,後編巻之5,,江戸古版本,http://tify.sub.uni-goettingen.de/demo.html?manifest=https://archdataset.dl.itc.u-tokyo.ac.jp/manifest/acd7b9d4-2c09-56e8-53af-259255ce7824.json,acd7b9d4-2c09-56e8-53af-259255ce7824,https://iiif.dl.itc.u-tokyo.ac.jp/repo/s/komabalib_rarematerial,https://iiif.dl.itc.u-tokyo.ac.jp/repo/s/komabalib_rarematerial/document/acd7b9d4-2c09-56e8-53af-259255ce7824,https://www.lib.u-tokyo.ac.jp/ja/library/komaba/user-guide/special-use/archives-data,https://iiif.dl.itc.u-tokyo.ac.jp/repo/files/medium/f6b477e67cc885971682f12353445caabca362a7.jpg,https://iiif.dl.itc.u-tokyo.ac.jp/repo/api/items/1228306,"東京大学駒場図書館 Komaba Library, The University of Tokyo, JAPAN",http://iiif.io/api/presentation/2#rightToLeftDirection,,駒場図書館貴重資料デジタルコレクション,edokohan-012,,https://iiif.dl.itc.u-tokyo.ac.jp/repo/iiif/acd7b9d4-2c09-56e8-53af-259255ce7824/manifest,,,,,38
尾張名所圖會 [13],"尾張名所圖會 / 岡田啓(文園), 野口道直(梅居)仝撰 ; 小田切忠近(春江)圖畫 ; 前編巻之1 - 後編巻之6. -- 片野東四郎, 1880. -- 13冊 : 挿図 ; 26cm.",090:2:21-2,オワリ メイショ ズエ,3003193343,駒場図書館,2000744089,後編巻之6,,江戸古版本,http://tify.sub.uni-goettingen.de/demo.html?manifest=https://archdataset.dl.itc.u-tokyo.ac.jp/manifest/82727f77-757a-1778-0451-c133cd839b29.json,82727f77-757a-1778-0451-c133cd839b29,https://iiif.dl.itc.u-tokyo.ac.jp/repo/s/komabalib_rarematerial,https://iiif.dl.itc.u-tokyo.ac.jp/repo/s/komabalib_rarematerial/document/82727f77-757a-1778-0451-c133cd839b29,https://www.lib.u-tokyo.ac.jp/ja/library/komaba/user-guide/special-use/archives-data,https://iiif.dl.itc.u-tokyo.ac.jp/repo/files/medium/46c8b2de82a78560301c731128996a218a8f2833.jpg,https://iiif.dl.itc.u-tokyo.ac.jp/repo/api/items/1228307,"東京大学駒場図書館 Komaba Library, The University of Tokyo, JAPAN",http://iiif.io/api/presentation/2#rightToLeftDirection,,駒場図書館貴重資料デジタルコレクション,edokohan-013,,https://iiif.dl.itc.u-tokyo.ac.jp/repo/iiif/82727f77-757a-1778-0451-c133cd839b29/manifest,,,,,74
下野國誌 12巻 [1],"下野國誌 12巻 / 越智守弘識 ; 1之卷 - 12之卷. -- 須原屋茂兵衛, [明治期] [印]. -- 12冊 : 挿図 ; 26cm.",090:2:22,シモツケ コクシ,3003193350,駒場図書館,2003292309,1之卷,,江戸古版本,http://tify.sub.uni-goettingen.de/demo.html?manifest=https://archdataset.dl.itc.u-tokyo.ac.jp/manifest/42f660c1-29f0-105b-62ec-75d8aae41cd3.json,42f660c1-29f0-105b-62ec-75d8aae41cd3,https://iiif.dl.itc.u-tokyo.ac.jp/repo/s/komabalib_rarematerial,https://iiif.dl.itc.u-tokyo.ac.jp/repo/s/komabalib_rarematerial/document/42f660c1-29f0-105b-62ec-75d8aae41cd3,https://www.lib.u-tokyo.ac.jp/ja/library/komaba/user-guide/special-use/archives-data,https://iiif.dl.itc.u-tokyo.ac.jp/repo/files/medium/9666488d3d01c9d1dbc5d2d12e677c71c451b1fe.jpg,https://iiif.dl.itc.u-tokyo.ac.jp/repo/api/items/1228308,"東京大学駒場図書館 Komaba Library, The University of Tokyo, JAPAN",http://iiif.io/api/presentation/2#rightToLeftDirection,,駒場図書館貴重資料デジタルコレクション,edokohan-014,,https://iiif.dl.itc.u-tokyo.ac.jp/repo/iiif/42f660c1-29f0-105b-62ec-75d8aae41cd3/manifest,,,,,36
下野國誌 12巻 [2],"下野國誌 12巻 / 越智守弘識 ; 1之卷 - 12之卷. -- 須原屋茂兵衛, [明治期] [印]. -- 12冊 : 挿図 ; 26cm.",090:2:22,シモツケ コクシ,3003193368,駒場図書館,2003292309,2之卷,,江戸古版本,http://tify.sub.uni-goettingen.de/demo.html?manifest=https://archdataset.dl.itc.u-tokyo.ac.jp/manifest/3b7deb82-4551-7bee-4c05-632e5a460e67.json,3b7deb82-4551-7bee-4c05-632e5a460e67,https://iiif.dl.itc.u-tokyo.ac.jp/repo/s/komabalib_rarematerial,https://iiif.dl.itc.u-tokyo.ac.jp/repo/s/komabalib_rarematerial/document/3b7deb82-4551-7bee-4c05-632e5a460e67,https://www.lib.u-tokyo.ac.jp/ja/library/komaba/user-guide/special-use/archives-data,https://iiif.dl.itc.u-tokyo.ac.jp/repo/files/medium/5edf0491f491e4bed0e607e794215cc568b8655c.jpg,https://iiif.dl.itc.u-tokyo.ac.jp/repo/api/items/1228309,"東京大学駒場図書館 Komaba Library, The University of Tokyo, JAPAN",http://iiif.io/api/presentation/2#rightToLeftDirection,,駒場図書館貴重資料デジタルコレクション,edokohan-015,,https://iiif.dl.itc.u-tokyo.ac.jp/repo/iiif/3b7deb82-4551-7bee-4c05-632e5a460e67/manifest,,,,,45
下野國誌 12巻 [3],"下野國誌 12巻 / 越智守弘識 ; 1之卷 - 12之卷. -- 須原屋茂兵衛, [明治期] [印]. -- 12冊 : 挿図 ; 26cm.",090:2:22,シモツケ コクシ,3003193376,駒場図書館,2003292309,3之卷,,江戸古版本,http://tify.sub.uni-goettingen.de/demo.html?manifest=https://archdataset.dl.itc.u-tokyo.ac.jp/manifest/ae3e6ca0-a004-7a9c-36a9-4c26290e6be0.json,ae3e6ca0-a004-7a9c-36a9-4c26290e6be0,https://iiif.dl.itc.u-tokyo.ac.jp/repo/s/komabalib_rarematerial,https://iiif.dl.itc.u-tokyo.ac.jp/repo/s/komabalib_rarematerial/document/ae3e6ca0-a004-7a9c-36a9-4c26290e6be0,https://www.lib.u-tokyo.ac.jp/ja/library/komaba/user-guide/special-use/archives-data,https://iiif.dl.itc.u-tokyo.ac.jp/repo/files/medium/ac639d8c272fea5019f3ac02210677fa5f292a4f.jpg,https://iiif.dl.itc.u-tokyo.ac.jp/repo/api/items/1228310,"東京大学駒場図書館 Komaba Library, The University of Tokyo, JAPAN",http://iiif.io/api/presentation/2#rightToLeftDirection,,駒場図書館貴重資料デジタルコレクション,edokohan-016,,https://iiif.dl.itc.u-tokyo.ac.jp/repo/iiif/ae3e6ca0-a004-7a9c-36a9-4c26290e6be0/manifest,,,,,42
下野國誌 12巻 [4],"下野國誌 12巻 / 越智守弘識 ; 1之卷 - 12之卷. -- 須原屋茂兵衛, [明治期] [印]. -- 12冊 : 挿図 ; 26cm.",090:2:22,シモツケ コクシ,3003193384,駒場図書館,2003292309,4之卷,,江戸古版本,http://tify.sub.uni-goettingen.de/demo.html?manifest=https://archdataset.dl.itc.u-tokyo.ac.jp/manifest/f088d0dd-57ce-35ca-8dc0-6bac2e5c9bb8.json,f088d0dd-57ce-35ca-8dc0-6bac2e5c9bb8,https://iiif.dl.itc.u-tokyo.ac.jp/repo/s/komabalib_rarematerial,https://iiif.dl.itc.u-tokyo.ac.jp/repo/s/komabalib_rarematerial/document/f088d0dd-57ce-35ca-8dc0-6bac2e5c9bb8,https://www.lib.u-tokyo.ac.jp/ja/library/komaba/user-guide/special-use/archives-data,https://iiif.dl.itc.u-tokyo.ac.jp/repo/files/medium/ad04386779576a61b1d770356ce194644dc4d988.jpg,https://iiif.dl.itc.u-tokyo.ac.jp/repo/api/items/1228311,"東京大学駒場図書館 Komaba Library, The University of Tokyo, JAPAN",http://iiif.io/api/presentation/2#rightToLeftDirection,,駒場図書館貴重資料デジタルコレクション,edokohan-017,,https://iiif.dl.itc.u-tokyo.ac.jp/repo/iiif/f088d0dd-57ce-35ca-8dc0-6bac2e5c9bb8/manifest,,,,,32
下野國誌 12巻 [5],"下野國誌 12巻 / 越智守弘識 ; 1之卷 - 12之卷. -- 須原屋茂兵衛, [明治期] [印]. -- 12冊 : 挿図 ; 26cm.",090:2:22,シモツケ コクシ,3003193392,駒場図書館,2003292309,5之卷,,江戸古版本,http://tify.sub.uni-goettingen.de/demo.html?manifest=https://archdataset.dl.itc.u-tokyo.ac.jp/manifest/f8cece9b-8548-4811-7750-8b6ab0ce03d1.json,f8cece9b-8548-4811-7750-8b6ab0ce03d1,https://iiif.dl.itc.u-tokyo.ac.jp/repo/s/komabalib_rarematerial,https://iiif.dl.itc.u-tokyo.ac.jp/repo/s/komabalib_rarematerial/document/f8cece9b-8548-4811-7750-8b6ab0ce03d1,https://www.lib.u-tokyo.ac.jp/ja/library/komaba/user-guide/special-use/archives-data,https://iiif.dl.itc.u-tokyo.ac.jp/repo/files/medium/2b421d2d2e6fd4cba9ce074a81368a3826632421.jpg,https://iiif.dl.itc.u-tokyo.ac.jp/repo/api/items/1228312,"東京大学駒場図書館 Komaba Library, The University of Tokyo, JAPAN",http://iiif.io/api/presentation/2#rightToLeftDirection,,駒場図書館貴重資料デジタルコレクション,edokohan-018,,https://iiif.dl.itc.u-tokyo.ac.jp/repo/iiif/f8cece9b-8548-4811-7750-8b6ab0ce03d1/manifest,,,,,28
下野國誌 12巻 [6],"下野國誌 12巻 / 越智守弘識 ; 1之卷 - 12之卷. -- 須原屋茂兵衛, [明治期] [印]. -- 12冊 : 挿図 ; 26cm.",090:2:22,シモツケ コクシ,3003193400,駒場図書館,2003292309,6之卷,,江戸古版本,http://tify.sub.uni-goettingen.de/demo.html?manifest=https://archdataset.dl.itc.u-tokyo.ac.jp/manifest/1693bef9-329d-16fb-711d-a654d6667707.json,1693bef9-329d-16fb-711d-a654d6667707,https://iiif.dl.itc.u-tokyo.ac.jp/repo/s/komabalib_rarematerial,https://iiif.dl.itc.u-tokyo.ac.jp/repo/s/komabalib_rarematerial/document/1693bef9-329d-16fb-711d-a654d6667707,https://www.lib.u-tokyo.ac.jp/ja/library/komaba/user-guide/special-use/archives-data,https://iiif.dl.itc.u-tokyo.ac.jp/repo/files/medium/702638af086752f145a821c77d9988dc339f5f5e.jpg,https://iiif.dl.itc.u-tokyo.ac.jp/repo/api/items/1228313,"東京大学駒場図書館 Komaba Library, The University of Tokyo, JAPAN",http://iiif.io/api/presentation/2#rightToLeftDirection,,駒場図書館貴重資料デジタルコレクション,edokohan-019,,https://iiif.dl.itc.u-tokyo.ac.jp/repo/iiif/1693bef9-329d-16fb-711d-a654d6667707/manifest,,,,,38
下野國誌 12巻 [7],"下野國誌 12巻 / 越智守弘識 ; 1之卷 - 12之卷. -- 須原屋茂兵衛, [明治期] [印]. -- 12冊 : 挿図 ; 26cm.",090:2:22,シモツケ コクシ,3003193418,駒場図書館,2003292309,7之卷,,江戸古版本,http://tify.sub.uni-goettingen.de/demo.html?manifest=https://archdataset.dl.itc.u-tokyo.ac.jp/manifest/4eb26c1c-8e9b-74e0-9f8a-f44fa4c414a4.json,4eb26c1c-8e9b-74e0-9f8a-f44fa4c414a4,https://iiif.dl.itc.u-tokyo.ac.jp/repo/s/komabalib_rarematerial,https://iiif.dl.itc.u-tokyo.ac.jp/repo/s/komabalib_rarematerial/document/4eb26c1c-8e9b-74e0-9f8a-f44fa4c414a4,https://www.lib.u-tokyo.ac.jp/ja/library/komaba/user-guide/special-use/archives-data,https://iiif.dl.itc.u-tokyo.ac.jp/repo/files/medium/6d3774bcc8e0757f1d3db1b669e76619eb9ae3bc.jpg,https://iiif.dl.itc.u-tokyo.ac.jp/repo/api/items/1228314,"東京大学駒場図書館 Komaba Library, The University of Tokyo, JAPAN",http://iiif.io/api/presentation/2#rightToLeftDirection,,駒場図書館貴重資料デジタルコレクション,edokohan-020,,https://iiif.dl.itc.u-tokyo.ac.jp/repo/iiif/4eb26c1c-8e9b-74e0-9f8a-f44fa4c414a4/manifest,,,,,39
下野國誌 12巻 [8],"下野國誌 12巻 / 越智守弘識 ; 1之卷 - 12之卷. -- 須原屋茂兵衛, [明治期] [印]. -- 12冊 : 挿図 ; 26cm.",090:2:22,シモツケ コクシ,3003193426,駒場図書館,2003292309,8之卷,,江戸古版本,http://tify.sub.uni-goettingen.de/demo.html?manifest=https://archdataset.dl.itc.u-tokyo.ac.jp/manifest/f2b6c292-2a2c-1b84-7573-9e54f87f5087.json,f2b6c292-2a2c-1b84-7573-9e54f87f5087,https://iiif.dl.itc.u-tokyo.ac.jp/repo/s/komabalib_rarematerial,https://iiif.dl.itc.u-tokyo.ac.jp/repo/s/komabalib_rarematerial/document/f2b6c292-2a2c-1b84-7573-9e54f87f5087,https://www.lib.u-tokyo.ac.jp/ja/library/komaba/user-guide/special-use/archives-data,https://iiif.dl.itc.u-tokyo.ac.jp/repo/files/medium/574ca16c33201361c0d79b6ad1bc966019923c33.jpg,https://iiif.dl.itc.u-tokyo.ac.jp/repo/api/items/1228315,"東京大学駒場図書館 Komaba Library, The University of Tokyo, JAPAN",http://iiif.io/api/presentation/2#rightToLeftDirection,,駒場図書館貴重資料デジタルコレクション,edokohan-021,,https://iiif.dl.itc.u-tokyo.ac.jp/repo/iiif/f2b6c292-2a2c-1b84-7573-9e54f87f5087/manifest,,,,,34
下野國誌 12巻 [9],"下野國誌 12巻 / 越智守弘識 ; 1之卷 - 12之卷. -- 須原屋茂兵衛, [明治期] [印]. -- 12冊 : 挿図 ; 26cm.",090:2:22,シモツケ コクシ,3003193434,駒場図書館,2003292309,9之卷,,江戸古版本,http://tify.sub.uni-goettingen.de/demo.html?manifest=https://archdataset.dl.itc.u-tokyo.ac.jp/manifest/fd70bb31-0e00-4bfa-7b40-14895a417dee.json,fd70bb31-0e00-4bfa-7b40-14895a417dee,https://iiif.dl.itc.u-tokyo.ac.jp/repo/s/komabalib_rarematerial,https://iiif.dl.itc.u-tokyo.ac.jp/repo/s/komabalib_rarematerial/document/fd70bb31-0e00-4bfa-7b40-14895a417dee,https://www.lib.u-tokyo.ac.jp/ja/library/komaba/user-guide/special-use/archives-data,https://iiif.dl.itc.u-tokyo.ac.jp/repo/files/medium/7bafb87df9265a09e8967a58b5c51f355f39ce48.jpg,https://iiif.dl.itc.u-tokyo.ac.jp/repo/api/items/1228316,"東京大学駒場図書館 Komaba Library, The University of Tokyo, JAPAN",http://iiif.io/api/presentation/2#rightToLeftDirection,,駒場図書館貴重資料デジタルコレクション,edokohan-022,,https://iiif.dl.itc.u-tokyo.ac.jp/repo/iiif/fd70bb31-0e00-4bfa-7b40-14895a417dee/manifest,,,,,41
下野國誌 12巻 [10],"下野國誌 12巻 / 越智守弘識 ; 1之卷 - 12之卷. -- 須原屋茂兵衛, [明治期] [印]. -- 12冊 : 挿図 ; 26cm.",090:2:22,シモツケ コクシ,3003193442,駒場図書館,2003292309,10之卷,,江戸古版本,http://tify.sub.uni-goettingen.de/demo.html?manifest=https://archdataset.dl.itc.u-tokyo.ac.jp/manifest/9b393cb2-89d3-5485-8aa0-51080039592f.json,9b393cb2-89d3-5485-8aa0-51080039592f,https://iiif.dl.itc.u-tokyo.ac.jp/repo/s/komabalib_rarematerial,https://iiif.dl.itc.u-tokyo.ac.jp/repo/s/komabalib_rarematerial/document/9b393cb2-89d3-5485-8aa0-51080039592f,https://www.lib.u-tokyo.ac.jp/ja/library/komaba/user-guide/special-use/archives-data,https://iiif.dl.itc.u-tokyo.ac.jp/repo/files/medium/17f49c1edd88369cec3834ced3879697282f697c.jpg,https://iiif.dl.itc.u-tokyo.ac.jp/repo/api/items/1228317,"東京大学駒場図書館 Komaba Library, The University of Tokyo, JAPAN",http://iiif.io/api/presentation/2#rightToLeftDirection,,駒場図書館貴重資料デジタルコレクション,edokohan-023,,https://iiif.dl.itc.u-tokyo.ac.jp/repo/iiif/9b393cb2-89d3-5485-8aa0-51080039592f/manifest,,,,,32
下野國誌 12巻 [11],"下野國誌 12巻 / 越智守弘識 ; 1之卷 - 12之卷. -- 須原屋茂兵衛, [明治期] [印]. -- 12冊 : 挿図 ; 26cm.",090:2:22,シモツケ コクシ,3003193459,駒場図書館,2003292309,11之卷,,江戸古版本,http://tify.sub.uni-goettingen.de/demo.html?manifest=https://archdataset.dl.itc.u-tokyo.ac.jp/manifest/84852a89-5ca8-922a-9511-3182fcd0464e.json,84852a89-5ca8-922a-9511-3182fcd0464e,https://iiif.dl.itc.u-tokyo.ac.jp/repo/s/komabalib_rarematerial,https://iiif.dl.itc.u-tokyo.ac.jp/repo/s/komabalib_rarematerial/document/84852a89-5ca8-922a-9511-3182fcd0464e,https://www.lib.u-tokyo.ac.jp/ja/library/komaba/user-guide/special-use/archives-data,https://iiif.dl.itc.u-tokyo.ac.jp/repo/files/medium/c7afcd0f2e14a063d5fd405d907ebfb66e65a319.jpg,https://iiif.dl.itc.u-tokyo.ac.jp/repo/api/items/1228318,"東京大学駒場図書館 Komaba Library, The University of Tokyo, JAPAN",http://iiif.io/api/presentation/2#rightToLeftDirection,,駒場図書館貴重資料デジタルコレクション,edokohan-024,,https://iiif.dl.itc.u-tokyo.ac.jp/repo/iiif/84852a89-5ca8-922a-9511-3182fcd0464e/manifest,,,,,41
下野國誌 12巻 [12],"下野國誌 12巻 / 越智守弘識 ; 1之卷 - 12之卷. -- 須原屋茂兵衛, [明治期] [印]. -- 12冊 : 挿図 ; 26cm.",090:2:22,シモツケ コクシ,3003193467,駒場図書館,2003292309,12之卷,,江戸古版本,http://tify.sub.uni-goettingen.de/demo.html?manifest=https://archdataset.dl.itc.u-tokyo.ac.jp/manifest/9d323cd5-38e0-85dd-3a44-5c21875c141e.json,9d323cd5-38e0-85dd-3a44-5c21875c141e,https://iiif.dl.itc.u-tokyo.ac.jp/repo/s/komabalib_rarematerial,https://iiif.dl.itc.u-tokyo.ac.jp/repo/s/komabalib_rarematerial/document/9d323cd5-38e0-85dd-3a44-5c21875c141e,https://www.lib.u-tokyo.ac.jp/ja/library/komaba/user-guide/special-use/archives-data,https://iiif.dl.itc.u-tokyo.ac.jp/repo/files/medium/3b4f35546e96984487c2ce7280b27795bed586f3.jpg,https://iiif.dl.itc.u-tokyo.ac.jp/repo/api/items/1228319,"東京大学駒場図書館 Komaba Library, The University of Tokyo, JAPAN",http://iiif.io/api/presentation/2#rightToLeftDirection,,駒場図書館貴重資料デジタルコレクション,edokohan-025,,https://iiif.dl.itc.u-tokyo.ac.jp/repo/iiif/9d323cd5-38e0-85dd-3a44-5c21875c141e/manifest,,,,,39
芦のそよぎ 2巻,"芦のそよぎ 2巻 / 太田花兄編輯. -- [書写者不明], [明治19 (1886)]. -- 1冊 : 挿図 ; 28cm. d.",090:2:211,アシ ノ ソヨギ,3003196627,駒場図書館,2003292511,前編巻之2,,江戸古版本,http://tify.sub.uni-goettingen.de/demo.html?manifest=https://archdataset.dl.itc.u-tokyo.ac.jp/manifest/641b689d-5a68-9b94-982a-39210f0716f2.json,641b689d-5a68-9b94-982a-39210f0716f2,https://iiif.dl.itc.u-tokyo.ac.jp/repo/s/komabalib_rarematerial,https://iiif.dl.itc.u-tokyo.ac.jp/repo/s/komabalib_rarematerial/document/641b689d-5a68-9b94-982a-39210f0716f2,https://www.lib.u-tokyo.ac.jp/ja/library/komaba/user-guide/special-use/archives-data,https://iiif.dl.itc.u-tokyo.ac.jp/repo/files/medium/2d3e6d1d7d7f88d457d69d920e65d045525ac5f9.jpg,https://iiif.dl.itc.u-tokyo.ac.jp/repo/api/items/1228320,"東京大学駒場図書館 Komaba Library, The University of Tokyo, JAPAN",http://iiif.io/api/presentation/2#rightToLeftDirection,,駒場図書館貴重資料デジタルコレクション,edokohan-026,,https://iiif.dl.itc.u-tokyo.ac.jp/repo/iiif/641b689d-5a68-9b94-982a-39210f0716f2/manifest,,,,,69
凉しさや揚屋も茶屋も男女川,"凉しさや揚屋も茶屋も男女川. -- [出版者不明], [享保頃]. -- 1舗 ; 96×90cm (折りたたみ23×17cm).",090:2:178,スズシサヤ アゲヤ モ チャヤ モ ミナノガワ,3003196254,駒場図書館,2003292478,前編巻之1,,江戸古版本,http://tify.sub.uni-goettingen.de/demo.html?manifest=https://archdataset.dl.itc.u-tokyo.ac.jp/manifest/b68e8657-5849-a1ba-3e16-f13055b34fd3.json,b68e8657-5849-a1ba-3e16-f13055b34fd3,https://iiif.dl.itc.u-tokyo.ac.jp/repo/s/komabalib_rarematerial,https://iiif.dl.itc.u-tokyo.ac.jp/repo/s/komabalib_rarematerial/document/b68e8657-5849-a1ba-3e16-f13055b34fd3,https://www.lib.u-tokyo.ac.jp/ja/library/komaba/user-guide/special-use/archives-data,https://iiif.dl.itc.u-tokyo.ac.jp/repo/files/medium/8235824057b0324040b076aae0081c6472bbafcb.jpg,https://iiif.dl.itc.u-tokyo.ac.jp/repo/api/items/1228321,"東京大学駒場図書館 Komaba Library, The University of Tokyo, JAPAN",http://iiif.io/api/presentation/2#rightToLeftDirection,,駒場図書館貴重資料デジタルコレクション,edokohan-027,,https://iiif.dl.itc.u-tokyo.ac.jp/repo/iiif/b68e8657-5849-a1ba-3e16-f13055b34fd3/manifest,,,,,7
