タイトル,タイトル（ヨミ）,請求記号,刊行年月日（和暦）,刊行年（西暦）,注記,iiif viewer,ID,ウェブサイトURL,アイテムURL,利用条件,サムネイル,機械可読ドキュメント,帰属,viewingDirection,viewingHint,コレクション,ソート用項目,IIIFマニフェストURI,IIIF Search API URI,アノテーション付きIIIFマニフェストURI,Link to TAPAS Project,Text with Rich Text Format,# of media
dcterms:title,dcndl:titleTranscription,dcndl:callNumber,dcterms:issued,uterms:year,dcterms:description,iiif viewer,bibo:identifier,dcterms:isPartOf,dcterms:relation,dcterms:rights,foaf:thumbnail,rdfs:seeAlso,sc:attributionLabel,sc:viewingDirection,sc:viewingHint,uterms:databaseLabel,uterms:sort,uterms:manifestUri,uterms:searchApiUri,uterms:annotedManifest,uterms:linkToTapas,uterms:rtf,7055
竹本筑後掾之画,タケモトチクゴノジョウノエ,090:1:85,,,,http://tify.sub.uni-goettingen.de/demo.html?manifest=https://archdataset.dl.itc.u-tokyo.ac.jp/manifest/75dcc7e1-3ed6-090f-2351-158fd14f913b.json,75dcc7e1-3ed6-090f-2351-158fd14f913b,https://iiif.dl.itc.u-tokyo.ac.jp/repo/s/kitani,https://iiif.dl.itc.u-tokyo.ac.jp/repo/s/kitani/document/75dcc7e1-3ed6-090f-2351-158fd14f913b,https://www.lib.u-tokyo.ac.jp/ja/library/komaba/user-guide/special-use/archives-data,https://iiif.dl.itc.u-tokyo.ac.jp/repo/files/medium/7d87c77dab081ef7aec9e4c02fb8f7d313a4fdb9.jpg,https://iiif.dl.itc.u-tokyo.ac.jp/repo/api/items/1258150,"東京大学駒場図書館 Komaba Library, The University of Tokyo, JAPAN",http://iiif.io/api/presentation/2#rightToLeftDirection,,木谷文庫,,https://iiif.dl.itc.u-tokyo.ac.jp/repo/iiif/75dcc7e1-3ed6-090f-2351-158fd14f913b/manifest,,,,,2
飛可恵(ひかえ)長(嘉永3年9月9日),ヒカエチョウ カエイ 3ネン 9ガツ 9ニチ,090:1:井1,嘉永3年9月9日,1850,竹小くま,http://tify.sub.uni-goettingen.de/demo.html?manifest=https://archdataset.dl.itc.u-tokyo.ac.jp/manifest/c7c71b15-6fa5-6acf-8955-59558dd7815f.json,c7c71b15-6fa5-6acf-8955-59558dd7815f,https://iiif.dl.itc.u-tokyo.ac.jp/repo/s/kitani,https://iiif.dl.itc.u-tokyo.ac.jp/repo/s/kitani/document/c7c71b15-6fa5-6acf-8955-59558dd7815f,https://www.lib.u-tokyo.ac.jp/ja/library/komaba/user-guide/special-use/archives-data,https://iiif.dl.itc.u-tokyo.ac.jp/repo/files/medium/6afe4d90374fc8ff9d74febf466f38738ed93dca.jpg,https://iiif.dl.itc.u-tokyo.ac.jp/repo/api/items/1406773,"東京大学駒場図書館 Komaba Library, The University of Tokyo, JAPAN",http://iiif.io/api/presentation/2#rightToLeftDirection,,木谷文庫,0002,https://iiif.dl.itc.u-tokyo.ac.jp/repo/iiif/c7c71b15-6fa5-6acf-8955-59558dd7815f/manifest,,,,,34
諸事控(嘉永5年4月),ショジ ヒカエ カエイ 5ネン 4ガツ,090:1:井2,嘉永5年4月,1852,竹本長子太夫(16才),http://tify.sub.uni-goettingen.de/demo.html?manifest=https://archdataset.dl.itc.u-tokyo.ac.jp/manifest/16282577-60f5-92a1-7b19-3a631f522ada.json,16282577-60f5-92a1-7b19-3a631f522ada,https://iiif.dl.itc.u-tokyo.ac.jp/repo/s/kitani,https://iiif.dl.itc.u-tokyo.ac.jp/repo/s/kitani/document/16282577-60f5-92a1-7b19-3a631f522ada,https://www.lib.u-tokyo.ac.jp/ja/library/komaba/user-guide/special-use/archives-data,https://iiif.dl.itc.u-tokyo.ac.jp/repo/files/medium/557a7d0ebcad92e5eb23c93c549ec2f808655072.jpg,https://iiif.dl.itc.u-tokyo.ac.jp/repo/api/items/1406772,"東京大学駒場図書館 Komaba Library, The University of Tokyo, JAPAN",http://iiif.io/api/presentation/2#rightToLeftDirection,,木谷文庫,0003,https://iiif.dl.itc.u-tokyo.ac.jp/repo/iiif/16282577-60f5-92a1-7b19-3a631f522ada/manifest,,,,,69
諸事控(嘉永5年10月),ショジ ヒカエ カエイ 5ネン 10ガツ,090:1:井3,嘉永5年10月,1852,竹本長子太夫(16才),http://tify.sub.uni-goettingen.de/demo.html?manifest=https://archdataset.dl.itc.u-tokyo.ac.jp/manifest/8e84dd4b-86af-1bd5-2f73-e2d2491d699d.json,8e84dd4b-86af-1bd5-2f73-e2d2491d699d,https://iiif.dl.itc.u-tokyo.ac.jp/repo/s/kitani,https://iiif.dl.itc.u-tokyo.ac.jp/repo/s/kitani/document/8e84dd4b-86af-1bd5-2f73-e2d2491d699d,https://www.lib.u-tokyo.ac.jp/ja/library/komaba/user-guide/special-use/archives-data,https://iiif.dl.itc.u-tokyo.ac.jp/repo/files/medium/ca533e6ef580c56edda175bfa8cffb0ca83a7b5e.jpg,https://iiif.dl.itc.u-tokyo.ac.jp/repo/api/items/1406771,"東京大学駒場図書館 Komaba Library, The University of Tokyo, JAPAN",http://iiif.io/api/presentation/2#rightToLeftDirection,,木谷文庫,0004,https://iiif.dl.itc.u-tokyo.ac.jp/repo/iiif/8e84dd4b-86af-1bd5-2f73-e2d2491d699d/manifest,,,,,34
日記帳(嘉永5年11月),ニッキチョウ カエイ 5ネン 11ガツ,090:1:井4,嘉永5年11月,1852,竹本長子太夫(16才),http://tify.sub.uni-goettingen.de/demo.html?manifest=https://archdataset.dl.itc.u-tokyo.ac.jp/manifest/31d1a7d6-5ca2-13e7-518d-7281f8f4a283.json,31d1a7d6-5ca2-13e7-518d-7281f8f4a283,https://iiif.dl.itc.u-tokyo.ac.jp/repo/s/kitani,https://iiif.dl.itc.u-tokyo.ac.jp/repo/s/kitani/document/31d1a7d6-5ca2-13e7-518d-7281f8f4a283,https://www.lib.u-tokyo.ac.jp/ja/library/komaba/user-guide/special-use/archives-data,https://iiif.dl.itc.u-tokyo.ac.jp/repo/files/medium/d87cc2345988eea3d39fe30897d88acddbcd1d4d.jpg,https://iiif.dl.itc.u-tokyo.ac.jp/repo/api/items/1406770,"東京大学駒場図書館 Komaba Library, The University of Tokyo, JAPAN",http://iiif.io/api/presentation/2#rightToLeftDirection,,木谷文庫,0005,https://iiif.dl.itc.u-tokyo.ac.jp/repo/iiif/31d1a7d6-5ca2-13e7-518d-7281f8f4a283/manifest,,,,,75
日記帳(嘉永6年6月~嘉永7年),ニッキチョウ カエイ 6ネン 6ガツ カエイ 7ネン,090:1:井5,嘉永6年6月~嘉永7年,1852-1853,竹本長子太夫 虫食,http://tify.sub.uni-goettingen.de/demo.html?manifest=https://archdataset.dl.itc.u-tokyo.ac.jp/manifest/ce5d8069-4c0c-4417-3dda-7e930618a0db.json,ce5d8069-4c0c-4417-3dda-7e930618a0db,https://iiif.dl.itc.u-tokyo.ac.jp/repo/s/kitani,https://iiif.dl.itc.u-tokyo.ac.jp/repo/s/kitani/document/ce5d8069-4c0c-4417-3dda-7e930618a0db,https://www.lib.u-tokyo.ac.jp/ja/library/komaba/user-guide/special-use/archives-data,https://iiif.dl.itc.u-tokyo.ac.jp/repo/files/medium/1816e324e52d8063e7d3ea3b36c5b207ff94ebb1.jpg,https://iiif.dl.itc.u-tokyo.ac.jp/repo/api/items/1406769,"東京大学駒場図書館 Komaba Library, The University of Tokyo, JAPAN",http://iiif.io/api/presentation/2#rightToLeftDirection,,木谷文庫,0006,https://iiif.dl.itc.u-tokyo.ac.jp/repo/iiif/ce5d8069-4c0c-4417-3dda-7e930618a0db/manifest,,,,,87
世呂津飛可恵(よろづひかえ)長(嘉永6年11月),ヨロズ ヒカエチョウ カエイ 6ネン 11ガツ,090:1:井6,嘉永6年11月,1852,大坂幸町 嶋傳,http://tify.sub.uni-goettingen.de/demo.html?manifest=https://archdataset.dl.itc.u-tokyo.ac.jp/manifest/5ec3e25f-52e6-963e-71e3-22c602a70ae6.json,5ec3e25f-52e6-963e-71e3-22c602a70ae6,https://iiif.dl.itc.u-tokyo.ac.jp/repo/s/kitani,https://iiif.dl.itc.u-tokyo.ac.jp/repo/s/kitani/document/5ec3e25f-52e6-963e-71e3-22c602a70ae6,https://www.lib.u-tokyo.ac.jp/ja/library/komaba/user-guide/special-use/archives-data,https://iiif.dl.itc.u-tokyo.ac.jp/repo/files/medium/ccfe0b9ca4419051a0c2223ad0642fbd1af419f9.jpg,https://iiif.dl.itc.u-tokyo.ac.jp/repo/api/items/1406768,"東京大学駒場図書館 Komaba Library, The University of Tokyo, JAPAN",http://iiif.io/api/presentation/2#rightToLeftDirection,,木谷文庫,0007,https://iiif.dl.itc.u-tokyo.ac.jp/repo/iiif/5ec3e25f-52e6-963e-71e3-22c602a70ae6/manifest,,,,,17
[諸事控帳](安政元年),ショジ ヒカエチョウ アンセイ ガンネン,090:1:井7,安政元年,1854,書名は整理者による,http://tify.sub.uni-goettingen.de/demo.html?manifest=https://archdataset.dl.itc.u-tokyo.ac.jp/manifest/3431191c-4b33-0ed2-0ec0-79d6e2a65a6c.json,3431191c-4b33-0ed2-0ec0-79d6e2a65a6c,https://iiif.dl.itc.u-tokyo.ac.jp/repo/s/kitani,https://iiif.dl.itc.u-tokyo.ac.jp/repo/s/kitani/document/3431191c-4b33-0ed2-0ec0-79d6e2a65a6c,https://www.lib.u-tokyo.ac.jp/ja/library/komaba/user-guide/special-use/archives-data,https://iiif.dl.itc.u-tokyo.ac.jp/repo/files/medium/d274236f58a4e829e479af8086908be6270d5d28.jpg,https://iiif.dl.itc.u-tokyo.ac.jp/repo/api/items/1406767,"東京大学駒場図書館 Komaba Library, The University of Tokyo, JAPAN",http://iiif.io/api/presentation/2#rightToLeftDirection,,木谷文庫,0008,https://iiif.dl.itc.u-tokyo.ac.jp/repo/iiif/3431191c-4b33-0ed2-0ec0-79d6e2a65a6c/manifest,,,,,43
地震大津浪記(安政元年),ジシン オオツナミキ アンセイ ガンネン,090:1:井9,安政元年,1854,,http://tify.sub.uni-goettingen.de/demo.html?manifest=https://archdataset.dl.itc.u-tokyo.ac.jp/manifest/a5ff1ab1-27e7-60db-0b84-f7adecfd6ac4.json,a5ff1ab1-27e7-60db-0b84-f7adecfd6ac4,https://iiif.dl.itc.u-tokyo.ac.jp/repo/s/kitani,https://iiif.dl.itc.u-tokyo.ac.jp/repo/s/kitani/document/a5ff1ab1-27e7-60db-0b84-f7adecfd6ac4,https://www.lib.u-tokyo.ac.jp/ja/library/komaba/user-guide/special-use/archives-data,https://iiif.dl.itc.u-tokyo.ac.jp/repo/files/medium/a58f9344dd056798269252795ef842b69e1f7215.jpg,https://iiif.dl.itc.u-tokyo.ac.jp/repo/api/items/1406766,"東京大学駒場図書館 Komaba Library, The University of Tokyo, JAPAN",http://iiif.io/api/presentation/2#rightToLeftDirection,,木谷文庫,0009,https://iiif.dl.itc.u-tokyo.ac.jp/repo/iiif/a5ff1ab1-27e7-60db-0b84-f7adecfd6ac4/manifest,,,,,34
手飛歌恵(手ひかえ)(安政5年10月),テヒカエ アンセイ 5ネン 10ガツ,090:1:井10,安政5年10月,1858,長子,http://tify.sub.uni-goettingen.de/demo.html?manifest=https://archdataset.dl.itc.u-tokyo.ac.jp/manifest/5592f232-6bde-45bb-6bfb-66b7cf6389b1.json,5592f232-6bde-45bb-6bfb-66b7cf6389b1,https://iiif.dl.itc.u-tokyo.ac.jp/repo/s/kitani,https://iiif.dl.itc.u-tokyo.ac.jp/repo/s/kitani/document/5592f232-6bde-45bb-6bfb-66b7cf6389b1,https://www.lib.u-tokyo.ac.jp/ja/library/komaba/user-guide/special-use/archives-data,https://iiif.dl.itc.u-tokyo.ac.jp/repo/files/medium/4bef1d0f17366da006b0f1c95eb505bbbf2b7d38.jpg,https://iiif.dl.itc.u-tokyo.ac.jp/repo/api/items/1406765,"東京大学駒場図書館 Komaba Library, The University of Tokyo, JAPAN",http://iiif.io/api/presentation/2#rightToLeftDirection,,木谷文庫,0010,https://iiif.dl.itc.u-tokyo.ac.jp/repo/iiif/5592f232-6bde-45bb-6bfb-66b7cf6389b1/manifest,,,,,41
亭飛歌恵(てひかえ)(安政5年12月),テヒカエ アンセイ 5ネン 12ガツ,090:1:井11,安政5年12月,1858,長子,http://tify.sub.uni-goettingen.de/demo.html?manifest=https://archdataset.dl.itc.u-tokyo.ac.jp/manifest/b82636f9-21ba-0291-27d9-c9e8f9e609f0.json,b82636f9-21ba-0291-27d9-c9e8f9e609f0,https://iiif.dl.itc.u-tokyo.ac.jp/repo/s/kitani,https://iiif.dl.itc.u-tokyo.ac.jp/repo/s/kitani/document/b82636f9-21ba-0291-27d9-c9e8f9e609f0,https://www.lib.u-tokyo.ac.jp/ja/library/komaba/user-guide/special-use/archives-data,https://iiif.dl.itc.u-tokyo.ac.jp/repo/files/medium/8befb5a0f649e0ab80edac48db6b589e74dbd264.jpg,https://iiif.dl.itc.u-tokyo.ac.jp/repo/api/items/1406764,"東京大学駒場図書館 Komaba Library, The University of Tokyo, JAPAN",http://iiif.io/api/presentation/2#rightToLeftDirection,,木谷文庫,0011,https://iiif.dl.itc.u-tokyo.ac.jp/repo/iiif/b82636f9-21ba-0291-27d9-c9e8f9e609f0/manifest,,,,,29
和泉より紀刕行 貞飛歌恵(てひかえ)(安政5年),イズミ ヨリ キシュウ テヒカエ アンセイ 5ネン,090:1:井12,安政5年,1858,長子,http://tify.sub.uni-goettingen.de/demo.html?manifest=https://archdataset.dl.itc.u-tokyo.ac.jp/manifest/36cecdd3-62e2-a1e2-9b81-40e889387b22.json,36cecdd3-62e2-a1e2-9b81-40e889387b22,https://iiif.dl.itc.u-tokyo.ac.jp/repo/s/kitani,https://iiif.dl.itc.u-tokyo.ac.jp/repo/s/kitani/document/36cecdd3-62e2-a1e2-9b81-40e889387b22,https://www.lib.u-tokyo.ac.jp/ja/library/komaba/user-guide/special-use/archives-data,https://iiif.dl.itc.u-tokyo.ac.jp/repo/files/medium/0220975a9d4c7f501667c1c969d8f5ad0ce91ce9.jpg,https://iiif.dl.itc.u-tokyo.ac.jp/repo/api/items/1406763,"東京大学駒場図書館 Komaba Library, The University of Tokyo, JAPAN",http://iiif.io/api/presentation/2#rightToLeftDirection,,木谷文庫,0012,https://iiif.dl.itc.u-tokyo.ac.jp/repo/iiif/36cecdd3-62e2-a1e2-9b81-40e889387b22/manifest,,,,,24
飛歌恵(安政6年),ヒカエ アンセイ 6ネン,090:1:井13,安政6年,1859,長子,http://tify.sub.uni-goettingen.de/demo.html?manifest=https://archdataset.dl.itc.u-tokyo.ac.jp/manifest/acec65f6-012a-089c-4123-4d6d499587ca.json,acec65f6-012a-089c-4123-4d6d499587ca,https://iiif.dl.itc.u-tokyo.ac.jp/repo/s/kitani,https://iiif.dl.itc.u-tokyo.ac.jp/repo/s/kitani/document/acec65f6-012a-089c-4123-4d6d499587ca,https://www.lib.u-tokyo.ac.jp/ja/library/komaba/user-guide/special-use/archives-data,https://iiif.dl.itc.u-tokyo.ac.jp/repo/files/medium/f0951009cba01e9fdcd434a1bb2eb16b895af6da.jpg,https://iiif.dl.itc.u-tokyo.ac.jp/repo/api/items/1406762,"東京大学駒場図書館 Komaba Library, The University of Tokyo, JAPAN",http://iiif.io/api/presentation/2#rightToLeftDirection,,木谷文庫,0013,https://iiif.dl.itc.u-tokyo.ac.jp/repo/iiif/acec65f6-012a-089c-4123-4d6d499587ca/manifest,,,,,26
京都より近江行旅日記 日賀恵(ひかえ)(安政6年),キョウト ヨリ オウミ コウ タビ ニッキ ヒカエ アンセイ 6ネン,090:1:井14,安政6年,1859,,http://tify.sub.uni-goettingen.de/demo.html?manifest=https://archdataset.dl.itc.u-tokyo.ac.jp/manifest/d886ce31-2bd3-609c-6f84-4991b41420ca.json,d886ce31-2bd3-609c-6f84-4991b41420ca,https://iiif.dl.itc.u-tokyo.ac.jp/repo/s/kitani,https://iiif.dl.itc.u-tokyo.ac.jp/repo/s/kitani/document/d886ce31-2bd3-609c-6f84-4991b41420ca,https://www.lib.u-tokyo.ac.jp/ja/library/komaba/user-guide/special-use/archives-data,https://iiif.dl.itc.u-tokyo.ac.jp/repo/files/medium/133075ff08957218eb6a45609fcad06f9de23acc.jpg,https://iiif.dl.itc.u-tokyo.ac.jp/repo/api/items/1406761,"東京大学駒場図書館 Komaba Library, The University of Tokyo, JAPAN",http://iiif.io/api/presentation/2#rightToLeftDirection,,木谷文庫,0014,https://iiif.dl.itc.u-tokyo.ac.jp/repo/iiif/d886ce31-2bd3-609c-6f84-4991b41420ca/manifest,,,,,20
阿波行記(萬延元年2月),アワコウキ マンエン ガンネン 2ガツ,090:1:井15,萬延元年2月,1860,虫食,http://tify.sub.uni-goettingen.de/demo.html?manifest=https://archdataset.dl.itc.u-tokyo.ac.jp/manifest/996f66d5-3442-27e0-1607-8423e8878385.json,996f66d5-3442-27e0-1607-8423e8878385,https://iiif.dl.itc.u-tokyo.ac.jp/repo/s/kitani,https://iiif.dl.itc.u-tokyo.ac.jp/repo/s/kitani/document/996f66d5-3442-27e0-1607-8423e8878385,https://www.lib.u-tokyo.ac.jp/ja/library/komaba/user-guide/special-use/archives-data,https://iiif.dl.itc.u-tokyo.ac.jp/repo/files/medium/ecf08b67a720db7c2fe00ab3a7f431b84b2ee156.jpg,https://iiif.dl.itc.u-tokyo.ac.jp/repo/api/items/1406760,"東京大学駒場図書館 Komaba Library, The University of Tokyo, JAPAN",http://iiif.io/api/presentation/2#rightToLeftDirection,,木谷文庫,0015,https://iiif.dl.itc.u-tokyo.ac.jp/repo/iiif/996f66d5-3442-27e0-1607-8423e8878385/manifest,,,,,38
飛歌恵(ひかえ)(万延元年2月),ヒカエ マンエン ガンネン 2ガツ,090:1:井16,万延元年2月,1860,竹本長子大夫,http://tify.sub.uni-goettingen.de/demo.html?manifest=https://archdataset.dl.itc.u-tokyo.ac.jp/manifest/d0a4c2f4-811c-8960-9027-14f8ff4739b5.json,d0a4c2f4-811c-8960-9027-14f8ff4739b5,https://iiif.dl.itc.u-tokyo.ac.jp/repo/s/kitani,https://iiif.dl.itc.u-tokyo.ac.jp/repo/s/kitani/document/d0a4c2f4-811c-8960-9027-14f8ff4739b5,https://www.lib.u-tokyo.ac.jp/ja/library/komaba/user-guide/special-use/archives-data,https://iiif.dl.itc.u-tokyo.ac.jp/repo/files/medium/c5916e4d3e0581284fc2ec18c298f3f0e76b90be.jpg,https://iiif.dl.itc.u-tokyo.ac.jp/repo/api/items/1406759,"東京大学駒場図書館 Komaba Library, The University of Tokyo, JAPAN",http://iiif.io/api/presentation/2#rightToLeftDirection,,木谷文庫,0016,https://iiif.dl.itc.u-tokyo.ac.jp/repo/iiif/d0a4c2f4-811c-8960-9027-14f8ff4739b5/manifest,,,,,16
小對□居 飛歌恵(ひかえ)(万延元年2月),コ[ヅカ]イ ヒカエ マンエン ガンネン 2ガツ,090:1:井17,万延元年2月,1860,名賀光 虫食 資料名□部分は番または香カ,http://tify.sub.uni-goettingen.de/demo.html?manifest=https://archdataset.dl.itc.u-tokyo.ac.jp/manifest/252919a5-7291-93f2-5f90-6ceee5bc598c.json,252919a5-7291-93f2-5f90-6ceee5bc598c,https://iiif.dl.itc.u-tokyo.ac.jp/repo/s/kitani,https://iiif.dl.itc.u-tokyo.ac.jp/repo/s/kitani/document/252919a5-7291-93f2-5f90-6ceee5bc598c,https://www.lib.u-tokyo.ac.jp/ja/library/komaba/user-guide/special-use/archives-data,https://iiif.dl.itc.u-tokyo.ac.jp/repo/files/medium/8f372b6bce87fb8064917ffaf88b27f1a9db34c6.jpg,https://iiif.dl.itc.u-tokyo.ac.jp/repo/api/items/1406758,"東京大学駒場図書館 Komaba Library, The University of Tokyo, JAPAN",http://iiif.io/api/presentation/2#rightToLeftDirection,,木谷文庫,0017,https://iiif.dl.itc.u-tokyo.ac.jp/repo/iiif/252919a5-7291-93f2-5f90-6ceee5bc598c/manifest,,,,,17
諸事日賀恵(ひかえ)(万延9年~2年正月),ショジ ヒカエ マンエン ガンネン 2ネン ショウガツ,090:1:井18,万延元年~2年正月,1860-1961,い津(づ)ゝや傳治郎 虫食,http://tify.sub.uni-goettingen.de/demo.html?manifest=https://archdataset.dl.itc.u-tokyo.ac.jp/manifest/e958ef08-2fd3-31e6-8987-2aad8809a114.json,e958ef08-2fd3-31e6-8987-2aad8809a114,https://iiif.dl.itc.u-tokyo.ac.jp/repo/s/kitani,https://iiif.dl.itc.u-tokyo.ac.jp/repo/s/kitani/document/e958ef08-2fd3-31e6-8987-2aad8809a114,https://www.lib.u-tokyo.ac.jp/ja/library/komaba/user-guide/special-use/archives-data,https://iiif.dl.itc.u-tokyo.ac.jp/repo/files/medium/901fcc780c4052ffd28360cbffcabdcb25274482.jpg,https://iiif.dl.itc.u-tokyo.ac.jp/repo/api/items/1406757,"東京大学駒場図書館 Komaba Library, The University of Tokyo, JAPAN",http://iiif.io/api/presentation/2#rightToLeftDirection,,木谷文庫,0018,https://iiif.dl.itc.u-tokyo.ac.jp/repo/iiif/e958ef08-2fd3-31e6-8987-2aad8809a114/manifest,,,,,92
道仲日記帳(文久2年5月12日),ドウチュウ ニッキチョウ ブンキュウ 2ネン 5ガツ 12ニチ,090:1:井19,文久2年5月12日,1862,井筒傳糸 井20と合綴,http://tify.sub.uni-goettingen.de/demo.html?manifest=https://archdataset.dl.itc.u-tokyo.ac.jp/manifest/e7c7789c-1afc-2535-4bbe-a20a7f2b9771.json,e7c7789c-1afc-2535-4bbe-a20a7f2b9771,https://iiif.dl.itc.u-tokyo.ac.jp/repo/s/kitani,https://iiif.dl.itc.u-tokyo.ac.jp/repo/s/kitani/document/e7c7789c-1afc-2535-4bbe-a20a7f2b9771,https://www.lib.u-tokyo.ac.jp/ja/library/komaba/user-guide/special-use/archives-data,https://iiif.dl.itc.u-tokyo.ac.jp/repo/files/medium/33e5e07f009d86c186019ef785b0099236fb3a62.jpg,https://iiif.dl.itc.u-tokyo.ac.jp/repo/api/items/1406756,"東京大学駒場図書館 Komaba Library, The University of Tokyo, JAPAN",http://iiif.io/api/presentation/2#rightToLeftDirection,,木谷文庫,0019,https://iiif.dl.itc.u-tokyo.ac.jp/repo/iiif/e7c7789c-1afc-2535-4bbe-a20a7f2b9771/manifest,,,,,41
諸㕝日記帳 (文久2年戊5月),ショジ ニッキチョウ ブンキュウ 2ネン イヌ 5ガツ,090:1:井20,文久2年戊5月,1862,井筒傳糸 井19に合綴,http://tify.sub.uni-goettingen.de/demo.html?manifest=https://archdataset.dl.itc.u-tokyo.ac.jp/manifest/72f1a93c-52a8-7c71-0a16-e27c661792f2.json,72f1a93c-52a8-7c71-0a16-e27c661792f2,https://iiif.dl.itc.u-tokyo.ac.jp/repo/s/kitani,https://iiif.dl.itc.u-tokyo.ac.jp/repo/s/kitani/document/72f1a93c-52a8-7c71-0a16-e27c661792f2,https://www.lib.u-tokyo.ac.jp/ja/library/komaba/user-guide/special-use/archives-data,https://iiif.dl.itc.u-tokyo.ac.jp/repo/files/medium/6a823e9ca4e1655be8d863dec301b0772cfa09c7.jpg,https://iiif.dl.itc.u-tokyo.ac.jp/repo/api/items/1406755,"東京大学駒場図書館 Komaba Library, The University of Tokyo, JAPAN",http://iiif.io/api/presentation/2#rightToLeftDirection,,木谷文庫,0020,https://iiif.dl.itc.u-tokyo.ac.jp/repo/iiif/72f1a93c-52a8-7c71-0a16-e27c661792f2/manifest,,,,,24
諸㕝日記控帳(文久3年正月),ショジ ニッキ ヒカエチョウ ブンキュウ 3ネン ショウガツ,090:1:井21,文久3年正月,1863,[井筒屋傳治郎],http://tify.sub.uni-goettingen.de/demo.html?manifest=https://archdataset.dl.itc.u-tokyo.ac.jp/manifest/45776263-a18b-69b6-25aa-0639a6891208.json,45776263-a18b-69b6-25aa-0639a6891208,https://iiif.dl.itc.u-tokyo.ac.jp/repo/s/kitani,https://iiif.dl.itc.u-tokyo.ac.jp/repo/s/kitani/document/45776263-a18b-69b6-25aa-0639a6891208,https://www.lib.u-tokyo.ac.jp/ja/library/komaba/user-guide/special-use/archives-data,https://iiif.dl.itc.u-tokyo.ac.jp/repo/files/medium/419a9a04e752679fd47c7da9adafbe825ac429e4.jpg,https://iiif.dl.itc.u-tokyo.ac.jp/repo/api/items/1406754,"東京大学駒場図書館 Komaba Library, The University of Tokyo, JAPAN",http://iiif.io/api/presentation/2#rightToLeftDirection,,木谷文庫,0021,https://iiif.dl.itc.u-tokyo.ac.jp/repo/iiif/45776263-a18b-69b6-25aa-0639a6891208/manifest,,,,,86
諸㕝日記飛歌恵(ひかえ)(文久3年),ショジ ニッキ ヒカエ ブンキュウ 3ネン,090:1:井22,文久3年,1863,井筒屋傳治郎,http://tify.sub.uni-goettingen.de/demo.html?manifest=https://archdataset.dl.itc.u-tokyo.ac.jp/manifest/f9b83aca-8874-5383-2a76-c57847dc56db.json,f9b83aca-8874-5383-2a76-c57847dc56db,https://iiif.dl.itc.u-tokyo.ac.jp/repo/s/kitani,https://iiif.dl.itc.u-tokyo.ac.jp/repo/s/kitani/document/f9b83aca-8874-5383-2a76-c57847dc56db,https://www.lib.u-tokyo.ac.jp/ja/library/komaba/user-guide/special-use/archives-data,https://iiif.dl.itc.u-tokyo.ac.jp/repo/files/medium/ef74cc9af9ffb19db9710508f15894b4ac8acb5b.jpg,https://iiif.dl.itc.u-tokyo.ac.jp/repo/api/items/1406753,"東京大学駒場図書館 Komaba Library, The University of Tokyo, JAPAN",http://iiif.io/api/presentation/2#rightToLeftDirection,,木谷文庫,0022,https://iiif.dl.itc.u-tokyo.ac.jp/repo/iiif/f9b83aca-8874-5383-2a76-c57847dc56db/manifest,,,,,63
諸㕝日記控(元治元年正月),ショジ ニッキ ヒカエ ゲンジ ガンネン ショウガツ,090:1:井23,元治元年正月,1864,竹 名賀光 虫食,http://tify.sub.uni-goettingen.de/demo.html?manifest=https://archdataset.dl.itc.u-tokyo.ac.jp/manifest/6ce05176-12d3-4a04-4d17-905769b64ea5.json,6ce05176-12d3-4a04-4d17-905769b64ea5,https://iiif.dl.itc.u-tokyo.ac.jp/repo/s/kitani,https://iiif.dl.itc.u-tokyo.ac.jp/repo/s/kitani/document/6ce05176-12d3-4a04-4d17-905769b64ea5,https://www.lib.u-tokyo.ac.jp/ja/library/komaba/user-guide/special-use/archives-data,https://iiif.dl.itc.u-tokyo.ac.jp/repo/files/medium/bb6e393a89c8e9875c1401a14f6437107bcdda2e.jpg,https://iiif.dl.itc.u-tokyo.ac.jp/repo/api/items/1406752,"東京大学駒場図書館 Komaba Library, The University of Tokyo, JAPAN",http://iiif.io/api/presentation/2#rightToLeftDirection,,木谷文庫,0023,https://iiif.dl.itc.u-tokyo.ac.jp/repo/iiif/6ce05176-12d3-4a04-4d17-905769b64ea5/manifest,,,,,16
諸㕝日記飛歌恵(ひかえ)(元治元年正月),ショジ ニッキ ヒカエ ゲンジ ガンネン ショウガツ,090:1:井24,元治元年正月,1864,井筒屋傳治郎 虫食,http://tify.sub.uni-goettingen.de/demo.html?manifest=https://archdataset.dl.itc.u-tokyo.ac.jp/manifest/f48af7a4-58be-a567-7799-9bca0eb9574e.json,f48af7a4-58be-a567-7799-9bca0eb9574e,https://iiif.dl.itc.u-tokyo.ac.jp/repo/s/kitani,https://iiif.dl.itc.u-tokyo.ac.jp/repo/s/kitani/document/f48af7a4-58be-a567-7799-9bca0eb9574e,https://www.lib.u-tokyo.ac.jp/ja/library/komaba/user-guide/special-use/archives-data,https://iiif.dl.itc.u-tokyo.ac.jp/repo/files/medium/90429b3ab568f0d1afa510df0efe5cfed1dcff50.jpg,https://iiif.dl.itc.u-tokyo.ac.jp/repo/api/items/1406751,"東京大学駒場図書館 Komaba Library, The University of Tokyo, JAPAN",http://iiif.io/api/presentation/2#rightToLeftDirection,,木谷文庫,0024,https://iiif.dl.itc.u-tokyo.ac.jp/repo/iiif/f48af7a4-58be-a567-7799-9bca0eb9574e/manifest,,,,,51
諸㕝飛歌恵(ひかえ)(元治元年8月~慶応元年1月),ショジ ヒカエ ゲンジ ガンネン 8ガツ ケイオウ ガンネン 1ガツ,090:1:井25,元治元年8月~慶応元年1月,1864-1865,井筒屋傳治郎 虫食,http://tify.sub.uni-goettingen.de/demo.html?manifest=https://archdataset.dl.itc.u-tokyo.ac.jp/manifest/5dc26043-6c44-a349-438d-2a9245738861.json,5dc26043-6c44-a349-438d-2a9245738861,https://iiif.dl.itc.u-tokyo.ac.jp/repo/s/kitani,https://iiif.dl.itc.u-tokyo.ac.jp/repo/s/kitani/document/5dc26043-6c44-a349-438d-2a9245738861,https://www.lib.u-tokyo.ac.jp/ja/library/komaba/user-guide/special-use/archives-data,https://iiif.dl.itc.u-tokyo.ac.jp/repo/files/medium/aac5e3108ecda166b9ebc4f76c9841e678635eaa.jpg,https://iiif.dl.itc.u-tokyo.ac.jp/repo/api/items/1406750,"東京大学駒場図書館 Komaba Library, The University of Tokyo, JAPAN",http://iiif.io/api/presentation/2#rightToLeftDirection,,木谷文庫,0025,https://iiif.dl.itc.u-tokyo.ac.jp/repo/iiif/5dc26043-6c44-a349-438d-2a9245738861/manifest,,,,,174
[諸事控帳](慶応2年4月~明治16年5月),ショジ ヒカエチョウ ケイオウ 2ネン 4ガツ メイジ 16ネン 5ガツ,090:1:井26,慶応2年4月~明治16年5月,1866-1883,書名は整理者による,http://tify.sub.uni-goettingen.de/demo.html?manifest=https://archdataset.dl.itc.u-tokyo.ac.jp/manifest/bcb74e82-1f04-68e3-6f31-0b24b16e0f1f.json,bcb74e82-1f04-68e3-6f31-0b24b16e0f1f,https://iiif.dl.itc.u-tokyo.ac.jp/repo/s/kitani,https://iiif.dl.itc.u-tokyo.ac.jp/repo/s/kitani/document/bcb74e82-1f04-68e3-6f31-0b24b16e0f1f,https://www.lib.u-tokyo.ac.jp/ja/library/komaba/user-guide/special-use/archives-data,https://iiif.dl.itc.u-tokyo.ac.jp/repo/files/medium/b4181c83899110de4e72d40390573a6f35c99ab1.jpg,https://iiif.dl.itc.u-tokyo.ac.jp/repo/api/items/1406749,"東京大学駒場図書館 Komaba Library, The University of Tokyo, JAPAN",http://iiif.io/api/presentation/2#rightToLeftDirection,,木谷文庫,0026,https://iiif.dl.itc.u-tokyo.ac.jp/repo/iiif/bcb74e82-1f04-68e3-6f31-0b24b16e0f1f/manifest,,,,,29
日賀栄(慶応3年9月),ヒカエ ケイオウ 3ネン 9ガツ,090:1:井27,慶応3年9月,1867,竹 長□,http://tify.sub.uni-goettingen.de/demo.html?manifest=https://archdataset.dl.itc.u-tokyo.ac.jp/manifest/b17acf44-34ec-4120-4330-75d43fa710d5.json,b17acf44-34ec-4120-4330-75d43fa710d5,https://iiif.dl.itc.u-tokyo.ac.jp/repo/s/kitani,https://iiif.dl.itc.u-tokyo.ac.jp/repo/s/kitani/document/b17acf44-34ec-4120-4330-75d43fa710d5,https://www.lib.u-tokyo.ac.jp/ja/library/komaba/user-guide/special-use/archives-data,https://iiif.dl.itc.u-tokyo.ac.jp/repo/files/medium/21dfaa5ac9c91c8a9e791dc98d2ec44d47d59a9d.jpg,https://iiif.dl.itc.u-tokyo.ac.jp/repo/api/items/1406748,"東京大学駒場図書館 Komaba Library, The University of Tokyo, JAPAN",http://iiif.io/api/presentation/2#rightToLeftDirection,,木谷文庫,0027,https://iiif.dl.itc.u-tokyo.ac.jp/repo/iiif/b17acf44-34ec-4120-4330-75d43fa710d5/manifest,,,,,9
諸㕝飛歌恵(ひかえ)(慶応2年正月),ショジ ヒカエ ケイオウ 2ネン ショウガツ,090:1:井28,慶応2年正月,1866,井筒屋傳治郎,http://tify.sub.uni-goettingen.de/demo.html?manifest=https://archdataset.dl.itc.u-tokyo.ac.jp/manifest/03d1d19b-26b4-7e80-213c-8e698e3ba628.json,03d1d19b-26b4-7e80-213c-8e698e3ba628,https://iiif.dl.itc.u-tokyo.ac.jp/repo/s/kitani,https://iiif.dl.itc.u-tokyo.ac.jp/repo/s/kitani/document/03d1d19b-26b4-7e80-213c-8e698e3ba628,https://www.lib.u-tokyo.ac.jp/ja/library/komaba/user-guide/special-use/archives-data,https://iiif.dl.itc.u-tokyo.ac.jp/repo/files/medium/4a8ade2e8eccacb19e3b671738fc33df17cbbaeb.jpg,https://iiif.dl.itc.u-tokyo.ac.jp/repo/api/items/1406747,"東京大学駒場図書館 Komaba Library, The University of Tokyo, JAPAN",http://iiif.io/api/presentation/2#rightToLeftDirection,,木谷文庫,0028,https://iiif.dl.itc.u-tokyo.ac.jp/repo/iiif/03d1d19b-26b4-7e80-213c-8e698e3ba628/manifest,,,,,150
日記帳(慶応3年7月~明治元年5月),ニッキチョウ ケイオウ 3ネン 7ガツ メイジ ガンネン 5ガツ,090:1:井29,慶応3年7月~明治元年5月,1867-1868,井筒屋傳治郎,http://tify.sub.uni-goettingen.de/demo.html?manifest=https://archdataset.dl.itc.u-tokyo.ac.jp/manifest/df026d9b-39a7-072f-4442-e2f3caee9b3e.json,df026d9b-39a7-072f-4442-e2f3caee9b3e,https://iiif.dl.itc.u-tokyo.ac.jp/repo/s/kitani,https://iiif.dl.itc.u-tokyo.ac.jp/repo/s/kitani/document/df026d9b-39a7-072f-4442-e2f3caee9b3e,https://www.lib.u-tokyo.ac.jp/ja/library/komaba/user-guide/special-use/archives-data,https://iiif.dl.itc.u-tokyo.ac.jp/repo/files/medium/d3dad33fc2482a4fa31ef245fe976f923b28a959.jpg,https://iiif.dl.itc.u-tokyo.ac.jp/repo/api/items/1406746,"東京大学駒場図書館 Komaba Library, The University of Tokyo, JAPAN",http://iiif.io/api/presentation/2#rightToLeftDirection,,木谷文庫,0029,https://iiif.dl.itc.u-tokyo.ac.jp/repo/iiif/df026d9b-39a7-072f-4442-e2f3caee9b3e/manifest,,,,,110
諸㕝日賀恵(慶応4年[辰]五月吉日),ショジ ヒカエ ケイオウ 4ネン [タツ] ゴガツ キチジツ,090:1:井30,慶応4年[辰]五月吉日,1868,竹弥 虫食,http://tify.sub.uni-goettingen.de/demo.html?manifest=https://archdataset.dl.itc.u-tokyo.ac.jp/manifest/499ffe1e-11b9-9fee-9e30-427ec8152f88.json,499ffe1e-11b9-9fee-9e30-427ec8152f88,https://iiif.dl.itc.u-tokyo.ac.jp/repo/s/kitani,https://iiif.dl.itc.u-tokyo.ac.jp/repo/s/kitani/document/499ffe1e-11b9-9fee-9e30-427ec8152f88,https://www.lib.u-tokyo.ac.jp/ja/library/komaba/user-guide/special-use/archives-data,https://iiif.dl.itc.u-tokyo.ac.jp/repo/files/medium/fa93f3414138009611c3b0c0fd943e38f250fac5.jpg,https://iiif.dl.itc.u-tokyo.ac.jp/repo/api/items/1406745,"東京大学駒場図書館 Komaba Library, The University of Tokyo, JAPAN",http://iiif.io/api/presentation/2#rightToLeftDirection,,木谷文庫,0030,https://iiif.dl.itc.u-tokyo.ac.jp/repo/iiif/499ffe1e-11b9-9fee-9e30-427ec8152f88/manifest,,,,,102
日記帳(明治2年巳正月吉日),ニッキチョウ メイジ 2ネン ミ ショウガツ キチジツ,090:1:井31,明治2年巳正月吉日,1869,竹弥貴鶴,http://tify.sub.uni-goettingen.de/demo.html?manifest=https://archdataset.dl.itc.u-tokyo.ac.jp/manifest/4febba10-8c3c-9213-3975-d1ae684a6207.json,4febba10-8c3c-9213-3975-d1ae684a6207,https://iiif.dl.itc.u-tokyo.ac.jp/repo/s/kitani,https://iiif.dl.itc.u-tokyo.ac.jp/repo/s/kitani/document/4febba10-8c3c-9213-3975-d1ae684a6207,https://www.lib.u-tokyo.ac.jp/ja/library/komaba/user-guide/special-use/archives-data,https://iiif.dl.itc.u-tokyo.ac.jp/repo/files/medium/8f8606431b879e1ee85aaba6ed0ce54bb9a3319f.jpg,https://iiif.dl.itc.u-tokyo.ac.jp/repo/api/items/1406744,"東京大学駒場図書館 Komaba Library, The University of Tokyo, JAPAN",http://iiif.io/api/presentation/2#rightToLeftDirection,,木谷文庫,0031,https://iiif.dl.itc.u-tokyo.ac.jp/repo/iiif/4febba10-8c3c-9213-3975-d1ae684a6207/manifest,,,,,156
諸㕝日賀恵(己巳明治2年3月吉日),ショジ ヒカエ ツチノトミ メイジ 2ネン 3ガツ キチジツ,090:1:井32,己巳明治2年3月吉日,1869,竹弥,http://tify.sub.uni-goettingen.de/demo.html?manifest=https://archdataset.dl.itc.u-tokyo.ac.jp/manifest/583ef584-5923-4edf-9ad3-48ef2b941fd1.json,583ef584-5923-4edf-9ad3-48ef2b941fd1,https://iiif.dl.itc.u-tokyo.ac.jp/repo/s/kitani,https://iiif.dl.itc.u-tokyo.ac.jp/repo/s/kitani/document/583ef584-5923-4edf-9ad3-48ef2b941fd1,https://www.lib.u-tokyo.ac.jp/ja/library/komaba/user-guide/special-use/archives-data,https://iiif.dl.itc.u-tokyo.ac.jp/repo/files/medium/c7f79ebd9c996f1216de71ab7e0c87fdcc55ac43.jpg,https://iiif.dl.itc.u-tokyo.ac.jp/repo/api/items/1406743,"東京大学駒場図書館 Komaba Library, The University of Tokyo, JAPAN",http://iiif.io/api/presentation/2#rightToLeftDirection,,木谷文庫,0032,https://iiif.dl.itc.u-tokyo.ac.jp/repo/iiif/583ef584-5923-4edf-9ad3-48ef2b941fd1/manifest,,,,,122
亭飛哥栄帳(明治2巳7月吉日),テヒカエチョウ メイジ 2 ミ 7ガツ キチジツ,090:1:井33,明治2巳7月吉日,1869,井筒傳,http://tify.sub.uni-goettingen.de/demo.html?manifest=https://archdataset.dl.itc.u-tokyo.ac.jp/manifest/13cd9139-a22a-1f65-5ab4-4e50b345282c.json,13cd9139-a22a-1f65-5ab4-4e50b345282c,https://iiif.dl.itc.u-tokyo.ac.jp/repo/s/kitani,https://iiif.dl.itc.u-tokyo.ac.jp/repo/s/kitani/document/13cd9139-a22a-1f65-5ab4-4e50b345282c,https://www.lib.u-tokyo.ac.jp/ja/library/komaba/user-guide/special-use/archives-data,https://iiif.dl.itc.u-tokyo.ac.jp/repo/files/medium/f059d21a103e9a0d271a3f280c1ac0ec91e341f2.jpg,https://iiif.dl.itc.u-tokyo.ac.jp/repo/api/items/1406742,"東京大学駒場図書館 Komaba Library, The University of Tokyo, JAPAN",http://iiif.io/api/presentation/2#rightToLeftDirection,,木谷文庫,0033,https://iiif.dl.itc.u-tokyo.ac.jp/repo/iiif/13cd9139-a22a-1f65-5ab4-4e50b345282c/manifest,,,,,38
日記帳(明治3年午2月1日),ニッキチョウ メイジ 3ネン ウマ 2ガツ ツイタチ,090:1:井34,明治3年午2月1日,1870,,http://tify.sub.uni-goettingen.de/demo.html?manifest=https://archdataset.dl.itc.u-tokyo.ac.jp/manifest/7d98c09c-2756-7302-179c-caf143243da0.json,7d98c09c-2756-7302-179c-caf143243da0,https://iiif.dl.itc.u-tokyo.ac.jp/repo/s/kitani,https://iiif.dl.itc.u-tokyo.ac.jp/repo/s/kitani/document/7d98c09c-2756-7302-179c-caf143243da0,https://www.lib.u-tokyo.ac.jp/ja/library/komaba/user-guide/special-use/archives-data,https://iiif.dl.itc.u-tokyo.ac.jp/repo/files/medium/6ae6f9372425be96456bbe30edc4d677b49007bb.jpg,https://iiif.dl.itc.u-tokyo.ac.jp/repo/api/items/1406741,"東京大学駒場図書館 Komaba Library, The University of Tokyo, JAPAN",http://iiif.io/api/presentation/2#rightToLeftDirection,,木谷文庫,0034,https://iiif.dl.itc.u-tokyo.ac.jp/repo/iiif/7d98c09c-2756-7302-179c-caf143243da0/manifest,,,,,191
日記帳(明治4年未正月吉日),ニッキチョウ メイジ 4ネン ヒツジ ショウガツ キチジツ,090:1:井35,明治4年未正月吉日,1871,,http://tify.sub.uni-goettingen.de/demo.html?manifest=https://archdataset.dl.itc.u-tokyo.ac.jp/manifest/dcff853f-0625-3acb-3e5a-af652eef68db.json,dcff853f-0625-3acb-3e5a-af652eef68db,https://iiif.dl.itc.u-tokyo.ac.jp/repo/s/kitani,https://iiif.dl.itc.u-tokyo.ac.jp/repo/s/kitani/document/dcff853f-0625-3acb-3e5a-af652eef68db,https://www.lib.u-tokyo.ac.jp/ja/library/komaba/user-guide/special-use/archives-data,https://iiif.dl.itc.u-tokyo.ac.jp/repo/files/medium/ba115c4707b9d9bf2ce17fb8150a93266e231677.jpg,https://iiif.dl.itc.u-tokyo.ac.jp/repo/api/items/1406740,"東京大学駒場図書館 Komaba Library, The University of Tokyo, JAPAN",http://iiif.io/api/presentation/2#rightToLeftDirection,,木谷文庫,0035,https://iiif.dl.itc.u-tokyo.ac.jp/repo/iiif/dcff853f-0625-3acb-3e5a-af652eef68db/manifest,,,,,157
日記飛賀恵(明治4年未霜月~5年申1月),ニッキ ヒカエ メイジ 4ネン ヒツジ シモツキ 5ネン サル 1ガツ,090:1:井36,明治4年未霜月~5年申1月,1871,,http://tify.sub.uni-goettingen.de/demo.html?manifest=https://archdataset.dl.itc.u-tokyo.ac.jp/manifest/a91ec873-5aa3-3643-5964-9c4887448463.json,a91ec873-5aa3-3643-5964-9c4887448463,https://iiif.dl.itc.u-tokyo.ac.jp/repo/s/kitani,https://iiif.dl.itc.u-tokyo.ac.jp/repo/s/kitani/document/a91ec873-5aa3-3643-5964-9c4887448463,https://www.lib.u-tokyo.ac.jp/ja/library/komaba/user-guide/special-use/archives-data,https://iiif.dl.itc.u-tokyo.ac.jp/repo/files/medium/dc32f092335750853f9b0aa5291c6e9b17ecd1ca.jpg,https://iiif.dl.itc.u-tokyo.ac.jp/repo/api/items/1406739,"東京大学駒場図書館 Komaba Library, The University of Tokyo, JAPAN",http://iiif.io/api/presentation/2#rightToLeftDirection,,木谷文庫,0036,https://iiif.dl.itc.u-tokyo.ac.jp/repo/iiif/a91ec873-5aa3-3643-5964-9c4887448463/manifest,,,,,154
日賀恵(明治5年申正月吉日),ヒカエ メイジ 5ネン サル ショウガツ キチジツ,090:1:井37,明治5年申正月吉日,1872,"竹廻舎弥□ 著者名""廻""の右下 小さいカタカナで「カ」と記載あり 挟み込み資料1葉を含む",http://tify.sub.uni-goettingen.de/demo.html?manifest=https://archdataset.dl.itc.u-tokyo.ac.jp/manifest/edc66e68-5eed-3cdd-32dc-834cb1b660bf.json,edc66e68-5eed-3cdd-32dc-834cb1b660bf,https://iiif.dl.itc.u-tokyo.ac.jp/repo/s/kitani,https://iiif.dl.itc.u-tokyo.ac.jp/repo/s/kitani/document/edc66e68-5eed-3cdd-32dc-834cb1b660bf,https://www.lib.u-tokyo.ac.jp/ja/library/komaba/user-guide/special-use/archives-data,https://iiif.dl.itc.u-tokyo.ac.jp/repo/files/medium/9644130bb9171a090b68bf1d235e7f8196bfe426.jpg,https://iiif.dl.itc.u-tokyo.ac.jp/repo/api/items/1406738,"東京大学駒場図書館 Komaba Library, The University of Tokyo, JAPAN",http://iiif.io/api/presentation/2#rightToLeftDirection,,木谷文庫,0037,https://iiif.dl.itc.u-tokyo.ac.jp/repo/iiif/edc66e68-5eed-3cdd-32dc-834cb1b660bf/manifest,,,,,36
日記蝶(明治5年[4月10日]申4月吉日),ニッキチョウ メイジ 5ネン 4ガツ トウカ サル 4ガツ キチジツ,090:1:井38,明治5年[4月10日]申4月吉日,1872,竹弥起多(きた),http://tify.sub.uni-goettingen.de/demo.html?manifest=https://archdataset.dl.itc.u-tokyo.ac.jp/manifest/cb79c195-07cf-0b0f-6540-f55787ff4f16.json,cb79c195-07cf-0b0f-6540-f55787ff4f16,https://iiif.dl.itc.u-tokyo.ac.jp/repo/s/kitani,https://iiif.dl.itc.u-tokyo.ac.jp/repo/s/kitani/document/cb79c195-07cf-0b0f-6540-f55787ff4f16,https://www.lib.u-tokyo.ac.jp/ja/library/komaba/user-guide/special-use/archives-data,https://iiif.dl.itc.u-tokyo.ac.jp/repo/files/medium/0e5b1db93736f5affe950ae569527301c34df606.jpg,https://iiif.dl.itc.u-tokyo.ac.jp/repo/api/items/1406737,"東京大学駒場図書館 Komaba Library, The University of Tokyo, JAPAN",http://iiif.io/api/presentation/2#rightToLeftDirection,,木谷文庫,0038,https://iiif.dl.itc.u-tokyo.ac.jp/repo/iiif/cb79c195-07cf-0b0f-6540-f55787ff4f16/manifest,,,,,62
日記帳(明治5年申9月27日より同6年4月10日迠),ニッキチョウ メイジ 5ネン サル 9ガツ 27ニチ ヨリ ドウ 6ネン 4ガツ トウカ マデ,090:1:井39,明治5年申9月27日より同6年4月10日迠,1872-1873,,http://tify.sub.uni-goettingen.de/demo.html?manifest=https://archdataset.dl.itc.u-tokyo.ac.jp/manifest/43b5766d-0823-4122-533a-5f2be7e30c87.json,43b5766d-0823-4122-533a-5f2be7e30c87,https://iiif.dl.itc.u-tokyo.ac.jp/repo/s/kitani,https://iiif.dl.itc.u-tokyo.ac.jp/repo/s/kitani/document/43b5766d-0823-4122-533a-5f2be7e30c87,https://www.lib.u-tokyo.ac.jp/ja/library/komaba/user-guide/special-use/archives-data,https://iiif.dl.itc.u-tokyo.ac.jp/repo/files/medium/03b7f5b0227074a3ad66c8ff99963c34a203a578.jpg,https://iiif.dl.itc.u-tokyo.ac.jp/repo/api/items/1406736,"東京大学駒場図書館 Komaba Library, The University of Tokyo, JAPAN",http://iiif.io/api/presentation/2#rightToLeftDirection,,木谷文庫,0039,https://iiif.dl.itc.u-tokyo.ac.jp/repo/iiif/43b5766d-0823-4122-533a-5f2be7e30c87/manifest,,,,,97
日記帳(明治6年酉5[7]月吉日),ニッキチョウ メイジ 6ネン トリ 5 7ガツ キチジツ,090:1:井40,明治6年酉5[7]月吉日,1873,木谷貴□,http://tify.sub.uni-goettingen.de/demo.html?manifest=https://archdataset.dl.itc.u-tokyo.ac.jp/manifest/6214a23b-3c0c-3841-3b28-2e3dea8e88a1.json,6214a23b-3c0c-3841-3b28-2e3dea8e88a1,https://iiif.dl.itc.u-tokyo.ac.jp/repo/s/kitani,https://iiif.dl.itc.u-tokyo.ac.jp/repo/s/kitani/document/6214a23b-3c0c-3841-3b28-2e3dea8e88a1,https://www.lib.u-tokyo.ac.jp/ja/library/komaba/user-guide/special-use/archives-data,https://iiif.dl.itc.u-tokyo.ac.jp/repo/files/medium/c8d4994e61c3af61d76a0e1332d2cba80351fb41.jpg,https://iiif.dl.itc.u-tokyo.ac.jp/repo/api/items/1406735,"東京大学駒場図書館 Komaba Library, The University of Tokyo, JAPAN",http://iiif.io/api/presentation/2#rightToLeftDirection,,木谷文庫,0040,https://iiif.dl.itc.u-tokyo.ac.jp/repo/iiif/6214a23b-3c0c-3841-3b28-2e3dea8e88a1/manifest,,,,,98
東海道より成田参詣日記控(明治7年戌1月),トウカイドウ ヨリ ナリタ サンケイ ニッキ ヒカエ メイジ 7ネン イヌ 1ガツ,090:1:井41,明治7年戌1月,1874,竹弥,http://tify.sub.uni-goettingen.de/demo.html?manifest=https://archdataset.dl.itc.u-tokyo.ac.jp/manifest/98e53fe6-0923-65d4-73db-939c3ded75fb.json,98e53fe6-0923-65d4-73db-939c3ded75fb,https://iiif.dl.itc.u-tokyo.ac.jp/repo/s/kitani,https://iiif.dl.itc.u-tokyo.ac.jp/repo/s/kitani/document/98e53fe6-0923-65d4-73db-939c3ded75fb,https://www.lib.u-tokyo.ac.jp/ja/library/komaba/user-guide/special-use/archives-data,https://iiif.dl.itc.u-tokyo.ac.jp/repo/files/medium/b1b7cef0d0adac668fc44d5941a3200ea5c16029.jpg,https://iiif.dl.itc.u-tokyo.ac.jp/repo/api/items/1406734,"東京大学駒場図書館 Komaba Library, The University of Tokyo, JAPAN",http://iiif.io/api/presentation/2#rightToLeftDirection,,木谷文庫,0041,https://iiif.dl.itc.u-tokyo.ac.jp/repo/iiif/98e53fe6-0923-65d4-73db-939c3ded75fb/manifest,,,,,83
日記帳(明治7年戌1月吉日),ニッキチョウ メイジ 7ネン イヌ 1ガツ キチジツ,090:1:井42,明治7年戌1月吉日,1874,竹乃家貴多,http://tify.sub.uni-goettingen.de/demo.html?manifest=https://archdataset.dl.itc.u-tokyo.ac.jp/manifest/8e01be9e-2f18-035d-64c3-961449360c80.json,8e01be9e-2f18-035d-64c3-961449360c80,https://iiif.dl.itc.u-tokyo.ac.jp/repo/s/kitani,https://iiif.dl.itc.u-tokyo.ac.jp/repo/s/kitani/document/8e01be9e-2f18-035d-64c3-961449360c80,https://www.lib.u-tokyo.ac.jp/ja/library/komaba/user-guide/special-use/archives-data,https://iiif.dl.itc.u-tokyo.ac.jp/repo/files/medium/fadbc4335ec659938f11eb668f28de58ed83f390.jpg,https://iiif.dl.itc.u-tokyo.ac.jp/repo/api/items/1406733,"東京大学駒場図書館 Komaba Library, The University of Tokyo, JAPAN",http://iiif.io/api/presentation/2#rightToLeftDirection,,木谷文庫,0042,https://iiif.dl.itc.u-tokyo.ac.jp/repo/iiif/8e01be9e-2f18-035d-64c3-961449360c80/manifest,,,,,161
日記帳(明治7年戌12月朔日より8年亥1月),ニッキチョウ メイジ 7ネン イヌ 12ガツ ツイタチ ヨリ 8ネン イ 1ガツ,090:1:井43,明治7年戌12月朔日より8年亥1月,1874-1875,,http://tify.sub.uni-goettingen.de/demo.html?manifest=https://archdataset.dl.itc.u-tokyo.ac.jp/manifest/5823382f-376e-60c9-9afc-c6be210628ae.json,5823382f-376e-60c9-9afc-c6be210628ae,https://iiif.dl.itc.u-tokyo.ac.jp/repo/s/kitani,https://iiif.dl.itc.u-tokyo.ac.jp/repo/s/kitani/document/5823382f-376e-60c9-9afc-c6be210628ae,https://www.lib.u-tokyo.ac.jp/ja/library/komaba/user-guide/special-use/archives-data,https://iiif.dl.itc.u-tokyo.ac.jp/repo/files/medium/0a1438b0f255e191cb074b210ec75aa79d70adb8.jpg,https://iiif.dl.itc.u-tokyo.ac.jp/repo/api/items/1406732,"東京大学駒場図書館 Komaba Library, The University of Tokyo, JAPAN",http://iiif.io/api/presentation/2#rightToLeftDirection,,木谷文庫,0043,https://iiif.dl.itc.u-tokyo.ac.jp/repo/iiif/5823382f-376e-60c9-9afc-c6be210628ae/manifest,,,,,81
日記控(明治8年亥9月吉日),ニッキ ヒカエ メイジ 8ネン イ 9ガツ キチジツ,090:1:井44,明治8年亥9月吉日,1875,"木谷(喜)多 著者名""喜""の右下 小さいカタカナで「カ」と記載あり",http://tify.sub.uni-goettingen.de/demo.html?manifest=https://archdataset.dl.itc.u-tokyo.ac.jp/manifest/d3d1c3b4-4c30-228f-34b6-3f964aa6a449.json,d3d1c3b4-4c30-228f-34b6-3f964aa6a449,https://iiif.dl.itc.u-tokyo.ac.jp/repo/s/kitani,https://iiif.dl.itc.u-tokyo.ac.jp/repo/s/kitani/document/d3d1c3b4-4c30-228f-34b6-3f964aa6a449,https://www.lib.u-tokyo.ac.jp/ja/library/komaba/user-guide/special-use/archives-data,https://iiif.dl.itc.u-tokyo.ac.jp/repo/files/medium/9466278458233f08e3d99e377f515e40ccc0ec47.jpg,https://iiif.dl.itc.u-tokyo.ac.jp/repo/api/items/1406731,"東京大学駒場図書館 Komaba Library, The University of Tokyo, JAPAN",http://iiif.io/api/presentation/2#rightToLeftDirection,,木谷文庫,0044,https://iiif.dl.itc.u-tokyo.ac.jp/repo/iiif/d3d1c3b4-4c30-228f-34b6-3f964aa6a449/manifest,,,,,102
日記控(明治9子5月吉日),ニッキ ヒカエ メイジ 9 ネ 5ガツ キチジツ,090:1:井45,明治9子5月吉日,1876,,http://tify.sub.uni-goettingen.de/demo.html?manifest=https://archdataset.dl.itc.u-tokyo.ac.jp/manifest/55a08286-1898-8e3e-3c05-42df55bf6961.json,55a08286-1898-8e3e-3c05-42df55bf6961,https://iiif.dl.itc.u-tokyo.ac.jp/repo/s/kitani,https://iiif.dl.itc.u-tokyo.ac.jp/repo/s/kitani/document/55a08286-1898-8e3e-3c05-42df55bf6961,https://www.lib.u-tokyo.ac.jp/ja/library/komaba/user-guide/special-use/archives-data,https://iiif.dl.itc.u-tokyo.ac.jp/repo/files/medium/c1e1c580d3e7e5201dc9f7cd04fce46c9eb5c3c4.jpg,https://iiif.dl.itc.u-tokyo.ac.jp/repo/api/items/1406730,"東京大学駒場図書館 Komaba Library, The University of Tokyo, JAPAN",http://iiif.io/api/presentation/2#rightToLeftDirection,,木谷文庫,0045,https://iiif.dl.itc.u-tokyo.ac.jp/repo/iiif/55a08286-1898-8e3e-3c05-42df55bf6961/manifest,,,,,103
日記控(明治10年巳[丑]4月吉日),ニッキ ヒカエ メイジ 10ネン ミ ウシ 4ガツ キチジツ,090:1:井46,明治10年巳[丑]4月吉日,1877,木谷貴多,http://tify.sub.uni-goettingen.de/demo.html?manifest=https://archdataset.dl.itc.u-tokyo.ac.jp/manifest/0494662a-5410-6c1a-11c5-183cc2bf62a2.json,0494662a-5410-6c1a-11c5-183cc2bf62a2,https://iiif.dl.itc.u-tokyo.ac.jp/repo/s/kitani,https://iiif.dl.itc.u-tokyo.ac.jp/repo/s/kitani/document/0494662a-5410-6c1a-11c5-183cc2bf62a2,https://www.lib.u-tokyo.ac.jp/ja/library/komaba/user-guide/special-use/archives-data,https://iiif.dl.itc.u-tokyo.ac.jp/repo/files/medium/158a419f02592b5ca92487561d296f39655b54be.jpg,https://iiif.dl.itc.u-tokyo.ac.jp/repo/api/items/1406729,"東京大学駒場図書館 Komaba Library, The University of Tokyo, JAPAN",http://iiif.io/api/presentation/2#rightToLeftDirection,,木谷文庫,0046,https://iiif.dl.itc.u-tokyo.ac.jp/repo/iiif/0494662a-5410-6c1a-11c5-183cc2bf62a2/manifest,,,,,102
旅行日賀恵(明治10年丑8月吉日),リョコウ ヒカエ メイジ 10ネン ウシ 8ガツ キチジツ,090:1:井47,明治10年丑8月吉日,1877,竹弥,http://tify.sub.uni-goettingen.de/demo.html?manifest=https://archdataset.dl.itc.u-tokyo.ac.jp/manifest/e0722236-5437-54d1-3c37-6d06c9fb385d.json,e0722236-5437-54d1-3c37-6d06c9fb385d,https://iiif.dl.itc.u-tokyo.ac.jp/repo/s/kitani,https://iiif.dl.itc.u-tokyo.ac.jp/repo/s/kitani/document/e0722236-5437-54d1-3c37-6d06c9fb385d,https://www.lib.u-tokyo.ac.jp/ja/library/komaba/user-guide/special-use/archives-data,https://iiif.dl.itc.u-tokyo.ac.jp/repo/files/medium/4f950c255fe1ea4bce513bf951942446775d56f9.jpg,https://iiif.dl.itc.u-tokyo.ac.jp/repo/api/items/1406728,"東京大学駒場図書館 Komaba Library, The University of Tokyo, JAPAN",http://iiif.io/api/presentation/2#rightToLeftDirection,,木谷文庫,0047,https://iiif.dl.itc.u-tokyo.ac.jp/repo/iiif/e0722236-5437-54d1-3c37-6d06c9fb385d/manifest,,,,,56
日記控帳[蝶](明治12年1月吉日),ニッキ ヒカエチョウ メイジ 12ネン 1ガツ キチジツ,090:1:井48,明治12年1月吉日,1879,木谷きた,http://tify.sub.uni-goettingen.de/demo.html?manifest=https://archdataset.dl.itc.u-tokyo.ac.jp/manifest/f18469ed-4352-2eb4-a03b-9ba7eabe8d09.json,f18469ed-4352-2eb4-a03b-9ba7eabe8d09,https://iiif.dl.itc.u-tokyo.ac.jp/repo/s/kitani,https://iiif.dl.itc.u-tokyo.ac.jp/repo/s/kitani/document/f18469ed-4352-2eb4-a03b-9ba7eabe8d09,https://www.lib.u-tokyo.ac.jp/ja/library/komaba/user-guide/special-use/archives-data,https://iiif.dl.itc.u-tokyo.ac.jp/repo/files/medium/9032f9c55cd6d3794ba35f7a08814e5e4159b11d.jpg,https://iiif.dl.itc.u-tokyo.ac.jp/repo/api/items/1406727,"東京大学駒場図書館 Komaba Library, The University of Tokyo, JAPAN",http://iiif.io/api/presentation/2#rightToLeftDirection,,木谷文庫,0048,https://iiif.dl.itc.u-tokyo.ac.jp/repo/iiif/f18469ed-4352-2eb4-a03b-9ba7eabe8d09/manifest,,,,,70
日賀恵(明治13年辰),ヒカエ メイジ 13ネン タツ,090:1:井49,明治13年辰,1880,,http://tify.sub.uni-goettingen.de/demo.html?manifest=https://archdataset.dl.itc.u-tokyo.ac.jp/manifest/7f5e473e-56bb-7ab6-7f8f-0ced35927136.json,7f5e473e-56bb-7ab6-7f8f-0ced35927136,https://iiif.dl.itc.u-tokyo.ac.jp/repo/s/kitani,https://iiif.dl.itc.u-tokyo.ac.jp/repo/s/kitani/document/7f5e473e-56bb-7ab6-7f8f-0ced35927136,https://www.lib.u-tokyo.ac.jp/ja/library/komaba/user-guide/special-use/archives-data,https://iiif.dl.itc.u-tokyo.ac.jp/repo/files/medium/a2aa67d5ac3f41cf9284d5f0fb68367a3f1f5046.jpg,https://iiif.dl.itc.u-tokyo.ac.jp/repo/api/items/1406726,"東京大学駒場図書館 Komaba Library, The University of Tokyo, JAPAN",http://iiif.io/api/presentation/2#rightToLeftDirection,,木谷文庫,0049,https://iiif.dl.itc.u-tokyo.ac.jp/repo/iiif/7f5e473e-56bb-7ab6-7f8f-0ced35927136/manifest,,,,,85
日記控(明治15年午1月吉日),ニッキ ヒカエ メイジ 15ネン ウマ 1ガツ キチジツ,090:1:井50,明治15年午1月吉日,1882,木谷傳治郎 挟み込み資料1葉を含む,http://tify.sub.uni-goettingen.de/demo.html?manifest=https://archdataset.dl.itc.u-tokyo.ac.jp/manifest/941da7a1-0fef-0b7a-1007-ed3fb448023e.json,941da7a1-0fef-0b7a-1007-ed3fb448023e,https://iiif.dl.itc.u-tokyo.ac.jp/repo/s/kitani,https://iiif.dl.itc.u-tokyo.ac.jp/repo/s/kitani/document/941da7a1-0fef-0b7a-1007-ed3fb448023e,https://www.lib.u-tokyo.ac.jp/ja/library/komaba/user-guide/special-use/archives-data,https://iiif.dl.itc.u-tokyo.ac.jp/repo/files/medium/d120e59e52062ff230040242f9da980ef75b4c67.jpg,https://iiif.dl.itc.u-tokyo.ac.jp/repo/api/items/1406725,"東京大学駒場図書館 Komaba Library, The University of Tokyo, JAPAN",http://iiif.io/api/presentation/2#rightToLeftDirection,,木谷文庫,0050,https://iiif.dl.itc.u-tokyo.ac.jp/repo/iiif/941da7a1-0fef-0b7a-1007-ed3fb448023e/manifest,,,,,89
日記控(明治16年未第1月吉日),ニッキ ヒカエ メイジ 16ネン ヒツジ ダイ1ガツ キチジツ,090:1:井51,明治16年未第1月吉日,1883,木谷,http://tify.sub.uni-goettingen.de/demo.html?manifest=https://archdataset.dl.itc.u-tokyo.ac.jp/manifest/ba519c2d-8310-5307-2c53-79dd10ec01b1.json,ba519c2d-8310-5307-2c53-79dd10ec01b1,https://iiif.dl.itc.u-tokyo.ac.jp/repo/s/kitani,https://iiif.dl.itc.u-tokyo.ac.jp/repo/s/kitani/document/ba519c2d-8310-5307-2c53-79dd10ec01b1,https://www.lib.u-tokyo.ac.jp/ja/library/komaba/user-guide/special-use/archives-data,https://iiif.dl.itc.u-tokyo.ac.jp/repo/files/medium/156f9ff7e5587d97e1bd5c70e66ce0457888c889.jpg,https://iiif.dl.itc.u-tokyo.ac.jp/repo/api/items/1406724,"東京大学駒場図書館 Komaba Library, The University of Tokyo, JAPAN",http://iiif.io/api/presentation/2#rightToLeftDirection,,木谷文庫,0051,https://iiif.dl.itc.u-tokyo.ac.jp/repo/iiif/ba519c2d-8310-5307-2c53-79dd10ec01b1/manifest,,,,,86
旅日記(明治17年申1月吉日),タビ ニッキ メイジ 17ネン サル 1ガツ キチジツ,090:1:井52,明治17年申1月吉日,1884,木谷,http://tify.sub.uni-goettingen.de/demo.html?manifest=https://archdataset.dl.itc.u-tokyo.ac.jp/manifest/31c9ed16-8f8e-92b7-46bd-1796d23197f2.json,31c9ed16-8f8e-92b7-46bd-1796d23197f2,https://iiif.dl.itc.u-tokyo.ac.jp/repo/s/kitani,https://iiif.dl.itc.u-tokyo.ac.jp/repo/s/kitani/document/31c9ed16-8f8e-92b7-46bd-1796d23197f2,https://www.lib.u-tokyo.ac.jp/ja/library/komaba/user-guide/special-use/archives-data,https://iiif.dl.itc.u-tokyo.ac.jp/repo/files/medium/e3562174ce2617a46092fa2ea1a1ea0d354209a7.jpg,https://iiif.dl.itc.u-tokyo.ac.jp/repo/api/items/1406723,"東京大学駒場図書館 Komaba Library, The University of Tokyo, JAPAN",http://iiif.io/api/presentation/2#rightToLeftDirection,,木谷文庫,0052,https://iiif.dl.itc.u-tokyo.ac.jp/repo/iiif/31c9ed16-8f8e-92b7-46bd-1796d23197f2/manifest,,,,,22
日記帳(明治17年申1月1日),ニッキチョウ メイジ 17ネン サル 1ガツ ツイタチ,090:1:井53,明治17年申1月1日,1884,貴谷,http://tify.sub.uni-goettingen.de/demo.html?manifest=https://archdataset.dl.itc.u-tokyo.ac.jp/manifest/0decfbdf-a036-0afa-10c2-d307968c3888.json,0decfbdf-a036-0afa-10c2-d307968c3888,https://iiif.dl.itc.u-tokyo.ac.jp/repo/s/kitani,https://iiif.dl.itc.u-tokyo.ac.jp/repo/s/kitani/document/0decfbdf-a036-0afa-10c2-d307968c3888,https://www.lib.u-tokyo.ac.jp/ja/library/komaba/user-guide/special-use/archives-data,https://iiif.dl.itc.u-tokyo.ac.jp/repo/files/medium/24c95ac0f909f606c4a51b31d8681c9d502cd534.jpg,https://iiif.dl.itc.u-tokyo.ac.jp/repo/api/items/1406722,"東京大学駒場図書館 Komaba Library, The University of Tokyo, JAPAN",http://iiif.io/api/presentation/2#rightToLeftDirection,,木谷文庫,0053,https://iiif.dl.itc.u-tokyo.ac.jp/repo/iiif/0decfbdf-a036-0afa-10c2-d307968c3888/manifest,,,,,103
日記簿(明治18年酉1月吉日[但し19年1月の分ダケ□なり]),ニッキボ メイジ 18ネン トリ 1ガツ キチジツ タダシ 19ネン 1ガツ ノ ブンダケ □ ナリ],090:1:井54,明治18年酉1月吉日[但し19年1月の分ダケ□なり],1885,木谷,http://tify.sub.uni-goettingen.de/demo.html?manifest=https://archdataset.dl.itc.u-tokyo.ac.jp/manifest/4451ae65-2f91-692c-166f-74bec37a876d.json,4451ae65-2f91-692c-166f-74bec37a876d,https://iiif.dl.itc.u-tokyo.ac.jp/repo/s/kitani,https://iiif.dl.itc.u-tokyo.ac.jp/repo/s/kitani/document/4451ae65-2f91-692c-166f-74bec37a876d,https://www.lib.u-tokyo.ac.jp/ja/library/komaba/user-guide/special-use/archives-data,https://iiif.dl.itc.u-tokyo.ac.jp/repo/files/medium/475438b8dc74ba53e35c6af981b3ddb2032fecd4.jpg,https://iiif.dl.itc.u-tokyo.ac.jp/repo/api/items/1406721,"東京大学駒場図書館 Komaba Library, The University of Tokyo, JAPAN",http://iiif.io/api/presentation/2#rightToLeftDirection,,木谷文庫,0054,https://iiif.dl.itc.u-tokyo.ac.jp/repo/iiif/4451ae65-2f91-692c-166f-74bec37a876d/manifest,,,,,151
日記帳(明治19年戌1月吉日),ニッキチョウ メイジ 19ネン イヌ 1ガツ キチジツ,090:1:井55,明治19年戌1月吉日,1886,木谷,http://tify.sub.uni-goettingen.de/demo.html?manifest=https://archdataset.dl.itc.u-tokyo.ac.jp/manifest/c632266a-82c9-9e85-53e6-30b4ceff4d27.json,c632266a-82c9-9e85-53e6-30b4ceff4d27,https://iiif.dl.itc.u-tokyo.ac.jp/repo/s/kitani,https://iiif.dl.itc.u-tokyo.ac.jp/repo/s/kitani/document/c632266a-82c9-9e85-53e6-30b4ceff4d27,https://www.lib.u-tokyo.ac.jp/ja/library/komaba/user-guide/special-use/archives-data,https://iiif.dl.itc.u-tokyo.ac.jp/repo/files/medium/e765ca8fd0c5f58c22fd8718788eab4ec1745afd.jpg,https://iiif.dl.itc.u-tokyo.ac.jp/repo/api/items/1406720,"東京大学駒場図書館 Komaba Library, The University of Tokyo, JAPAN",http://iiif.io/api/presentation/2#rightToLeftDirection,,木谷文庫,0055,https://iiif.dl.itc.u-tokyo.ac.jp/repo/iiif/c632266a-82c9-9e85-53e6-30b4ceff4d27/manifest,,,,,174
日記帳(明治20年亥1月吉日),ニッキチョウ メイジ 20ネン イ 1ガツ キチジツ,090:1:井56,明治20年亥1月吉日,1887,木谷,http://tify.sub.uni-goettingen.de/demo.html?manifest=https://archdataset.dl.itc.u-tokyo.ac.jp/manifest/5d1fd2c2-6f0b-797c-3190-35ed90008b89.json,5d1fd2c2-6f0b-797c-3190-35ed90008b89,https://iiif.dl.itc.u-tokyo.ac.jp/repo/s/kitani,https://iiif.dl.itc.u-tokyo.ac.jp/repo/s/kitani/document/5d1fd2c2-6f0b-797c-3190-35ed90008b89,https://www.lib.u-tokyo.ac.jp/ja/library/komaba/user-guide/special-use/archives-data,https://iiif.dl.itc.u-tokyo.ac.jp/repo/files/medium/ef96b3a11e5ccbe00fd3d6d8803d4730bb75adbb.jpg,https://iiif.dl.itc.u-tokyo.ac.jp/repo/api/items/1406719,"東京大学駒場図書館 Komaba Library, The University of Tokyo, JAPAN",http://iiif.io/api/presentation/2#rightToLeftDirection,,木谷文庫,0056,https://iiif.dl.itc.u-tokyo.ac.jp/repo/iiif/5d1fd2c2-6f0b-797c-3190-35ed90008b89/manifest,,,,,161
日賀恵(ひかえ)(明治21年[子]1月吉日),ヒカエ メイジ 21ネン ネ 1ガツ キチジツ,090:1:井57,明治21年[子]1月吉日,1888,木谷,http://tify.sub.uni-goettingen.de/demo.html?manifest=https://archdataset.dl.itc.u-tokyo.ac.jp/manifest/72614616-0756-7402-3b3d-9b6bbfb66c5a.json,72614616-0756-7402-3b3d-9b6bbfb66c5a,https://iiif.dl.itc.u-tokyo.ac.jp/repo/s/kitani,https://iiif.dl.itc.u-tokyo.ac.jp/repo/s/kitani/document/72614616-0756-7402-3b3d-9b6bbfb66c5a,https://www.lib.u-tokyo.ac.jp/ja/library/komaba/user-guide/special-use/archives-data,https://iiif.dl.itc.u-tokyo.ac.jp/repo/files/medium/6612e2a3652326e3fdf28e1e4c519343be42856f.jpg,https://iiif.dl.itc.u-tokyo.ac.jp/repo/api/items/1406718,"東京大学駒場図書館 Komaba Library, The University of Tokyo, JAPAN",http://iiif.io/api/presentation/2#rightToLeftDirection,,木谷文庫,0057,https://iiif.dl.itc.u-tokyo.ac.jp/repo/iiif/72614616-0756-7402-3b3d-9b6bbfb66c5a/manifest,,,,,151
日賀恵(明治22年丑1月吉日),ヒカエ メイジ 22ネン ウシ 1ガツ キチジツ,090:1:井58,明治22年丑1月吉日,1889,木谷,http://tify.sub.uni-goettingen.de/demo.html?manifest=https://archdataset.dl.itc.u-tokyo.ac.jp/manifest/56eb7f8d-12c4-90cb-6d84-aa37a2528eaa.json,56eb7f8d-12c4-90cb-6d84-aa37a2528eaa,https://iiif.dl.itc.u-tokyo.ac.jp/repo/s/kitani,https://iiif.dl.itc.u-tokyo.ac.jp/repo/s/kitani/document/56eb7f8d-12c4-90cb-6d84-aa37a2528eaa,https://www.lib.u-tokyo.ac.jp/ja/library/komaba/user-guide/special-use/archives-data,https://iiif.dl.itc.u-tokyo.ac.jp/repo/files/medium/889bf655e3a4ec441b8fbedee8811d7e551ef9fb.jpg,https://iiif.dl.itc.u-tokyo.ac.jp/repo/api/items/1406717,"東京大学駒場図書館 Komaba Library, The University of Tokyo, JAPAN",http://iiif.io/api/presentation/2#rightToLeftDirection,,木谷文庫,0058,https://iiif.dl.itc.u-tokyo.ac.jp/repo/iiif/56eb7f8d-12c4-90cb-6d84-aa37a2528eaa/manifest,,,,,153
三刕豊川参詣旅日記(明治22年丑ノ4月13日より同14日迠),サンシュウ トヨカワ サンケイ タビ ニッキ メイジ 22ネン ウシ ノ 4ガツ 13ニチ ヨリ ドウ 14ニチ マデ,090:1:井59,明治22年丑ノ4月13日より同14日迠,1889,木谷,http://tify.sub.uni-goettingen.de/demo.html?manifest=https://archdataset.dl.itc.u-tokyo.ac.jp/manifest/6da2d75f-86ac-2547-a33b-68c67cda9a6c.json,6da2d75f-86ac-2547-a33b-68c67cda9a6c,https://iiif.dl.itc.u-tokyo.ac.jp/repo/s/kitani,https://iiif.dl.itc.u-tokyo.ac.jp/repo/s/kitani/document/6da2d75f-86ac-2547-a33b-68c67cda9a6c,https://www.lib.u-tokyo.ac.jp/ja/library/komaba/user-guide/special-use/archives-data,https://iiif.dl.itc.u-tokyo.ac.jp/repo/files/medium/fa068185fb8748b44eb7bd938a30df9247369c4e.jpg,https://iiif.dl.itc.u-tokyo.ac.jp/repo/api/items/1406716,"東京大学駒場図書館 Komaba Library, The University of Tokyo, JAPAN",http://iiif.io/api/presentation/2#rightToLeftDirection,,木谷文庫,0059,https://iiif.dl.itc.u-tokyo.ac.jp/repo/iiif/6da2d75f-86ac-2547-a33b-68c67cda9a6c/manifest,,,,,15
日賀恵(明治23年寅1月吉日より同24年夘5月[吉日同]31日迠),ヒカエ メイジ 23ネン トラ 1ガツ キチジツ ヨリ ドウ 24ネン ウ 5ガツ キチジツ ドウ 31ニチ マデ,090:1:井60,明治23年寅1月吉日より同24年夘5月[吉日同]31日迠,1890,木谷,http://tify.sub.uni-goettingen.de/demo.html?manifest=https://archdataset.dl.itc.u-tokyo.ac.jp/manifest/f6c1b5a6-5ef3-017a-69a1-4166b2ce70b1.json,f6c1b5a6-5ef3-017a-69a1-4166b2ce70b1,https://iiif.dl.itc.u-tokyo.ac.jp/repo/s/kitani,https://iiif.dl.itc.u-tokyo.ac.jp/repo/s/kitani/document/f6c1b5a6-5ef3-017a-69a1-4166b2ce70b1,https://www.lib.u-tokyo.ac.jp/ja/library/komaba/user-guide/special-use/archives-data,https://iiif.dl.itc.u-tokyo.ac.jp/repo/files/medium/b9e70c873ab915a765d15175bf309a6db8c7eeed.jpg,https://iiif.dl.itc.u-tokyo.ac.jp/repo/api/items/1406715,"東京大学駒場図書館 Komaba Library, The University of Tokyo, JAPAN",http://iiif.io/api/presentation/2#rightToLeftDirection,,木谷文庫,0060,https://iiif.dl.itc.u-tokyo.ac.jp/repo/iiif/f6c1b5a6-5ef3-017a-69a1-4166b2ce70b1/manifest,,,,,291
日賀恵(明治24年夘6月1日ヨリ明治25年辰1月より10月30日迠),ヒカエ メイジ 24ネン ウ 6ガツ ツイタチ ヨリ メイジ 25ネン タツ 1ガツ ヨリ 10ガツ 30ニチ マデ,090:1:井61,明治24年夘6月1日ヨリ明治25年辰1月より10月30日迠,1891-1892,木谷長義,http://tify.sub.uni-goettingen.de/demo.html?manifest=https://archdataset.dl.itc.u-tokyo.ac.jp/manifest/a3d98f26-9ce2-84a3-1a9a-e7a82fd844cf.json,a3d98f26-9ce2-84a3-1a9a-e7a82fd844cf,https://iiif.dl.itc.u-tokyo.ac.jp/repo/s/kitani,https://iiif.dl.itc.u-tokyo.ac.jp/repo/s/kitani/document/a3d98f26-9ce2-84a3-1a9a-e7a82fd844cf,https://www.lib.u-tokyo.ac.jp/ja/library/komaba/user-guide/special-use/archives-data,https://iiif.dl.itc.u-tokyo.ac.jp/repo/files/medium/21d19aabc9011bd588f859efe5d127a6bf9f3b0d.jpg,https://iiif.dl.itc.u-tokyo.ac.jp/repo/api/items/1406714,"東京大学駒場図書館 Komaba Library, The University of Tokyo, JAPAN",http://iiif.io/api/presentation/2#rightToLeftDirection,,木谷文庫,0061,https://iiif.dl.itc.u-tokyo.ac.jp/repo/iiif/a3d98f26-9ce2-84a3-1a9a-e7a82fd844cf/manifest,,,,,284
日賀恵(明治25年辰11月1日ヨリ同巳26年同午27年5月31日迠),ヒカエ メイジ 25ネン タツ11ガツ 1ニチヨリドウミ26ネン ドウウマ27ネン 5ガツ 31ニチマデ,090:1:井62,明治25年辰11月1日ヨリ同巳26年同午27年5月31日迠,1892-1894,木谷長義,http://tify.sub.uni-goettingen.de/demo.html?manifest=https://archdataset.dl.itc.u-tokyo.ac.jp/manifest/d61f502f-1db8-45de-6d21-6b80627373e1.json,d61f502f-1db8-45de-6d21-6b80627373e1,https://iiif.dl.itc.u-tokyo.ac.jp/repo/s/kitani,https://iiif.dl.itc.u-tokyo.ac.jp/repo/s/kitani/document/d61f502f-1db8-45de-6d21-6b80627373e1,https://www.lib.u-tokyo.ac.jp/ja/library/komaba/user-guide/special-use/archives-data,https://iiif.dl.itc.u-tokyo.ac.jp/repo/files/medium/13c4432c6006e7decabe3e353c8aea43d7741e4f.jpg,https://iiif.dl.itc.u-tokyo.ac.jp/repo/api/items/1406713,"東京大学駒場図書館 Komaba Library, The University of Tokyo, JAPAN",http://iiif.io/api/presentation/2#rightToLeftDirection,,木谷文庫,0062,https://iiif.dl.itc.u-tokyo.ac.jp/repo/iiif/d61f502f-1db8-45de-6d21-6b80627373e1/manifest,,,,,282
日賀恵(明治27年午6月1日ヨリ同28年未1月1日ヨリ6月30日迠),ヒカエ メイジ 27ネン ウマ 6ガツ ツイタチ ヨリ ドウ 28ネン ヒツジ 1ガツ ツイタチ ヨリ 6ガツ 30ニチ マデ,090:1:井63,明治27年午6月1日ヨリ同28年未1月1日ヨリ6月30日迠,1894-1895,木谷長義,http://tify.sub.uni-goettingen.de/demo.html?manifest=https://archdataset.dl.itc.u-tokyo.ac.jp/manifest/bbb0af12-3091-3807-273c-175f949c09fb.json,bbb0af12-3091-3807-273c-175f949c09fb,https://iiif.dl.itc.u-tokyo.ac.jp/repo/s/kitani,https://iiif.dl.itc.u-tokyo.ac.jp/repo/s/kitani/document/bbb0af12-3091-3807-273c-175f949c09fb,https://www.lib.u-tokyo.ac.jp/ja/library/komaba/user-guide/special-use/archives-data,https://iiif.dl.itc.u-tokyo.ac.jp/repo/files/medium/9298fc48ca5f71f74dda7c3fa1ee7c4a6b9f3979.jpg,https://iiif.dl.itc.u-tokyo.ac.jp/repo/api/items/1406712,"東京大学駒場図書館 Komaba Library, The University of Tokyo, JAPAN",http://iiif.io/api/presentation/2#rightToLeftDirection,,木谷文庫,0063,https://iiif.dl.itc.u-tokyo.ac.jp/repo/iiif/bbb0af12-3091-3807-273c-175f949c09fb/manifest,,,,,271
日賀恵(明治28年未7月1日ヨリ同29年申10月31日迠),ヒカエ メイジ 28ネン ヒツジ 7ガツ ツイタチ ヨリ ドウ29ネン サル 10ガツ 31ニチ マデ,090:1:井64,明治28年未7月1日ヨリ同29年申10月31日迠,1895-1896,木谷長義 巻末に暦・領収書・列車時刻表の貼り込みあり,http://tify.sub.uni-goettingen.de/demo.html?manifest=https://archdataset.dl.itc.u-tokyo.ac.jp/manifest/5353d402-545f-a636-7617-8761dff47f4f.json,5353d402-545f-a636-7617-8761dff47f4f,https://iiif.dl.itc.u-tokyo.ac.jp/repo/s/kitani,https://iiif.dl.itc.u-tokyo.ac.jp/repo/s/kitani/document/5353d402-545f-a636-7617-8761dff47f4f,https://www.lib.u-tokyo.ac.jp/ja/library/komaba/user-guide/special-use/archives-data,https://iiif.dl.itc.u-tokyo.ac.jp/repo/files/medium/7fdacb2dd4b77778519adccd1cd00f55baf83099.jpg,https://iiif.dl.itc.u-tokyo.ac.jp/repo/api/items/1406711,"東京大学駒場図書館 Komaba Library, The University of Tokyo, JAPAN",http://iiif.io/api/presentation/2#rightToLeftDirection,,木谷文庫,0064,https://iiif.dl.itc.u-tokyo.ac.jp/repo/iiif/5353d402-545f-a636-7617-8761dff47f4f/manifest,,,,,301
日賀恵(明治29年申11月1日より同自30年酉ノ年同至31年戌ノ3月31日),ヒカエ メイジ 29ネン サル11ガツ 1ニチ ヨリ ドウジ30ネン トリノトシドウイタル31ネン イヌノ3ガツ 31ニチ,090:1:井65,明治29年申11月1日より同自30年酉ノ年同至31年戌ノ3月31日,1896-1898,木谷長義,http://tify.sub.uni-goettingen.de/demo.html?manifest=https://archdataset.dl.itc.u-tokyo.ac.jp/manifest/10741a5e-022d-6586-583b-6ab7cd289a23.json,10741a5e-022d-6586-583b-6ab7cd289a23,https://iiif.dl.itc.u-tokyo.ac.jp/repo/s/kitani,https://iiif.dl.itc.u-tokyo.ac.jp/repo/s/kitani/document/10741a5e-022d-6586-583b-6ab7cd289a23,https://www.lib.u-tokyo.ac.jp/ja/library/komaba/user-guide/special-use/archives-data,https://iiif.dl.itc.u-tokyo.ac.jp/repo/files/medium/dc811f9e1cdb44c7d8e5e53e44306ba781ce2fff.jpg,https://iiif.dl.itc.u-tokyo.ac.jp/repo/api/items/1406710,"東京大学駒場図書館 Komaba Library, The University of Tokyo, JAPAN",http://iiif.io/api/presentation/2#rightToLeftDirection,,木谷文庫,0065,https://iiif.dl.itc.u-tokyo.ac.jp/repo/iiif/10741a5e-022d-6586-583b-6ab7cd289a23/manifest,,,,,295
日賀恵(明治31年戌4月1日より同32年亥1月1日より至同午1月31日[同12月31日]),ヒカエ メイジ 31ネン イヌ 4ガツ ツイタチ ヨリ ドウ 32ネン イ 1ガツ ツイタチ ヨリ イタル ドウ ウマ 1ガツ 31ニチ ドウ 12ガツ 31ニチ,090:1:井66,明治31年戌4月1日より同32年亥1月1日より至同午1月31日[同12月31日],1898-1899,木谷長義,http://tify.sub.uni-goettingen.de/demo.html?manifest=https://archdataset.dl.itc.u-tokyo.ac.jp/manifest/0c0cc1ee-1f79-8b6d-124a-d0cdf4e91a9d.json,0c0cc1ee-1f79-8b6d-124a-d0cdf4e91a9d,https://iiif.dl.itc.u-tokyo.ac.jp/repo/s/kitani,https://iiif.dl.itc.u-tokyo.ac.jp/repo/s/kitani/document/0c0cc1ee-1f79-8b6d-124a-d0cdf4e91a9d,https://www.lib.u-tokyo.ac.jp/ja/library/komaba/user-guide/special-use/archives-data,https://iiif.dl.itc.u-tokyo.ac.jp/repo/files/medium/0a607be1b9a801ecbdca2fa3e509a9f79aed8b5a.jpg,https://iiif.dl.itc.u-tokyo.ac.jp/repo/api/items/1406709,"東京大学駒場図書館 Komaba Library, The University of Tokyo, JAPAN",http://iiif.io/api/presentation/2#rightToLeftDirection,,木谷文庫,0066,https://iiif.dl.itc.u-tokyo.ac.jp/repo/iiif/0c0cc1ee-1f79-8b6d-124a-d0cdf4e91a9d/manifest,,,,,301
日賀恵(明治33年子1月1日より明治34年丑1月1日より12月終迠),ヒカエ メイジ 33ネン ネ 1ガツ ツイタチ ヨリ メイジ 34ネン ウシ 1ガツ ツイタチ ヨリ 12ガツ オマデ,090:1:井67,明治33年子1月1日より明治34年丑1月1日より12月終迠,1900-1901,木谷長義 巻末にビラの貼り込みあり,http://tify.sub.uni-goettingen.de/demo.html?manifest=https://archdataset.dl.itc.u-tokyo.ac.jp/manifest/2e54804c-6ad8-755a-455b-95acc33f9e8d.json,2e54804c-6ad8-755a-455b-95acc33f9e8d,https://iiif.dl.itc.u-tokyo.ac.jp/repo/s/kitani,https://iiif.dl.itc.u-tokyo.ac.jp/repo/s/kitani/document/2e54804c-6ad8-755a-455b-95acc33f9e8d,https://www.lib.u-tokyo.ac.jp/ja/library/komaba/user-guide/special-use/archives-data,https://iiif.dl.itc.u-tokyo.ac.jp/repo/files/medium/b0201c1d53173f7bdab9288ec542f098cc6d905b.jpg,https://iiif.dl.itc.u-tokyo.ac.jp/repo/api/items/1406708,"東京大学駒場図書館 Komaba Library, The University of Tokyo, JAPAN",http://iiif.io/api/presentation/2#rightToLeftDirection,,木谷文庫,0067,https://iiif.dl.itc.u-tokyo.ac.jp/repo/iiif/2e54804c-6ad8-755a-455b-95acc33f9e8d/manifest,,,,,307
飛歌恵(安政6年未9月吉日),ヒカエ アンセイ 6ネン ヒツジ 9ガツ キチジツ,090:1:井68,安政6年未9月吉日,1859,竹長子,http://tify.sub.uni-goettingen.de/demo.html?manifest=https://archdataset.dl.itc.u-tokyo.ac.jp/manifest/225d766b-085d-003e-93df-c829b2228818.json,225d766b-085d-003e-93df-c829b2228818,https://iiif.dl.itc.u-tokyo.ac.jp/repo/s/kitani,https://iiif.dl.itc.u-tokyo.ac.jp/repo/s/kitani/document/225d766b-085d-003e-93df-c829b2228818,https://www.lib.u-tokyo.ac.jp/ja/library/komaba/user-guide/special-use/archives-data,https://iiif.dl.itc.u-tokyo.ac.jp/repo/files/medium/5c862cdffe1b1c8bc8425a792aab1fc12d16f6cc.jpg,https://iiif.dl.itc.u-tokyo.ac.jp/repo/api/items/1406707,"東京大学駒場図書館 Komaba Library, The University of Tokyo, JAPAN",http://iiif.io/api/presentation/2#rightToLeftDirection,,木谷文庫,0068,https://iiif.dl.itc.u-tokyo.ac.jp/repo/iiif/225d766b-085d-003e-93df-c829b2228818/manifest,,,,,8
長子大寳恵(嘉永4年亥12月),チョウシ オボエ カエイ 4ネン イ 12ガツ,090:1:井69,嘉永4年亥12月,1851,,http://tify.sub.uni-goettingen.de/demo.html?manifest=https://archdataset.dl.itc.u-tokyo.ac.jp/manifest/b9add182-2df4-197c-0dab-7961bce81c72.json,b9add182-2df4-197c-0dab-7961bce81c72,https://iiif.dl.itc.u-tokyo.ac.jp/repo/s/kitani,https://iiif.dl.itc.u-tokyo.ac.jp/repo/s/kitani/document/b9add182-2df4-197c-0dab-7961bce81c72,https://www.lib.u-tokyo.ac.jp/ja/library/komaba/user-guide/special-use/archives-data,https://iiif.dl.itc.u-tokyo.ac.jp/repo/files/medium/1e415f075ee64439ab744a20b3851c2e11dd2446.jpg,https://iiif.dl.itc.u-tokyo.ac.jp/repo/api/items/1406706,"東京大学駒場図書館 Komaba Library, The University of Tokyo, JAPAN",http://iiif.io/api/presentation/2#rightToLeftDirection,,木谷文庫,0069,https://iiif.dl.itc.u-tokyo.ac.jp/repo/iiif/b9add182-2df4-197c-0dab-7961bce81c72/manifest,,,,,16
[覚帳](嘉永4亥年),オボエチョウ カエイ 4 イ ネン,090:1:井70,嘉永4亥年,1851,竹本長子太夫 書名は整理者による,http://tify.sub.uni-goettingen.de/demo.html?manifest=https://archdataset.dl.itc.u-tokyo.ac.jp/manifest/0e05a495-0615-0315-1700-0849237e67fe.json,0e05a495-0615-0315-1700-0849237e67fe,https://iiif.dl.itc.u-tokyo.ac.jp/repo/s/kitani,https://iiif.dl.itc.u-tokyo.ac.jp/repo/s/kitani/document/0e05a495-0615-0315-1700-0849237e67fe,https://www.lib.u-tokyo.ac.jp/ja/library/komaba/user-guide/special-use/archives-data,https://iiif.dl.itc.u-tokyo.ac.jp/repo/files/medium/b7bb16254a0a9bdd96eee0bed5ff25e3805d71fb.jpg,https://iiif.dl.itc.u-tokyo.ac.jp/repo/api/items/1406705,"東京大学駒場図書館 Komaba Library, The University of Tokyo, JAPAN",http://iiif.io/api/presentation/2#rightToLeftDirection,,木谷文庫,0070,https://iiif.dl.itc.u-tokyo.ac.jp/repo/iiif/0e05a495-0615-0315-1700-0849237e67fe/manifest,,,,,34
[狂言組書上](明治14年・15年),キョウゲン クミ カキアゲ メイジ 14ネン 15ネン,090:1:井71,明治14年・15年,1881-1882,書名は整理者による,http://tify.sub.uni-goettingen.de/demo.html?manifest=https://archdataset.dl.itc.u-tokyo.ac.jp/manifest/85ce1d24-8c7a-2c2a-466a-c5bf836a5170.json,85ce1d24-8c7a-2c2a-466a-c5bf836a5170,https://iiif.dl.itc.u-tokyo.ac.jp/repo/s/kitani,https://iiif.dl.itc.u-tokyo.ac.jp/repo/s/kitani/document/85ce1d24-8c7a-2c2a-466a-c5bf836a5170,https://www.lib.u-tokyo.ac.jp/ja/library/komaba/user-guide/special-use/archives-data,https://iiif.dl.itc.u-tokyo.ac.jp/repo/files/medium/430e703542d970a74510f237953995cb5bb8afd4.jpg,https://iiif.dl.itc.u-tokyo.ac.jp/repo/api/items/1406704,"東京大学駒場図書館 Komaba Library, The University of Tokyo, JAPAN",http://iiif.io/api/presentation/2#rightToLeftDirection,,木谷文庫,0071,https://iiif.dl.itc.u-tokyo.ac.jp/repo/iiif/85ce1d24-8c7a-2c2a-466a-c5bf836a5170/manifest,,,,,1
豊川講行道中入費控(明治22年丑4月13日~16日夜),トヨカワコウ コウ ドウチュウ ニュウヒ ヒカエ メイジ 22ネン ウシ 4ガツ 13ニチ 16ニチ ヨル,090:1:井72,明治22年丑4月13日~16日夜,1889,木谷,http://tify.sub.uni-goettingen.de/demo.html?manifest=https://archdataset.dl.itc.u-tokyo.ac.jp/manifest/714b429a-7468-341f-8a6f-b686363f6ffa.json,714b429a-7468-341f-8a6f-b686363f6ffa,https://iiif.dl.itc.u-tokyo.ac.jp/repo/s/kitani,https://iiif.dl.itc.u-tokyo.ac.jp/repo/s/kitani/document/714b429a-7468-341f-8a6f-b686363f6ffa,https://www.lib.u-tokyo.ac.jp/ja/library/komaba/user-guide/special-use/archives-data,https://iiif.dl.itc.u-tokyo.ac.jp/repo/files/medium/2a0dc5776d4b5e823a5199d811d23546bba1eb40.jpg,https://iiif.dl.itc.u-tokyo.ac.jp/repo/api/items/1406703,"東京大学駒場図書館 Komaba Library, The University of Tokyo, JAPAN",http://iiif.io/api/presentation/2#rightToLeftDirection,,木谷文庫,0072,https://iiif.dl.itc.u-tokyo.ac.jp/repo/iiif/714b429a-7468-341f-8a6f-b686363f6ffa/manifest,,,,,18
有馬日記帳(明治17年申8月21日~);高野山参詣日記(明治17年12月19日);紀刕和歌山行日方行旅日記(明治18年10月31日~11月18日),アリマ ニッキチョウ ; コウヤサン サンケイ ニッキ ; キシュウ ワカヤマ コウ ヒカタ コウ タビニッキ メイジ 17ネン サル 8ガツ 21ニチ,090:1:井73,明治17年申8月21日~,1884-1885,木谷 虫食,http://tify.sub.uni-goettingen.de/demo.html?manifest=https://archdataset.dl.itc.u-tokyo.ac.jp/manifest/975a6a6b-a0e2-4c9d-2270-928028a00832.json,975a6a6b-a0e2-4c9d-2270-928028a00832,https://iiif.dl.itc.u-tokyo.ac.jp/repo/s/kitani,https://iiif.dl.itc.u-tokyo.ac.jp/repo/s/kitani/document/975a6a6b-a0e2-4c9d-2270-928028a00832,https://www.lib.u-tokyo.ac.jp/ja/library/komaba/user-guide/special-use/archives-data,https://iiif.dl.itc.u-tokyo.ac.jp/repo/files/medium/dcfba8f9b3d024ce73a0c87fef6909a80ee9f907.jpg,https://iiif.dl.itc.u-tokyo.ac.jp/repo/api/items/1406702,"東京大学駒場図書館 Komaba Library, The University of Tokyo, JAPAN",http://iiif.io/api/presentation/2#rightToLeftDirection,,木谷文庫,0073,https://iiif.dl.itc.u-tokyo.ac.jp/repo/iiif/975a6a6b-a0e2-4c9d-2270-928028a00832/manifest,,,,,30
嵯峨御所御出入御鑑札,サガ ゴショ オンデイリ ゴカンサツ,090:1:井74,,,袋あり[袋表面に「嵯峨御所/御出入/御鑑札/竹本長門太夫」[袋裏面に「木谷氏」とあり],http://tify.sub.uni-goettingen.de/demo.html?manifest=https://archdataset.dl.itc.u-tokyo.ac.jp/manifest/ddce1d3d-4a76-0ca1-a0d8-9e8f1fcc5c5d.json,ddce1d3d-4a76-0ca1-a0d8-9e8f1fcc5c5d,https://iiif.dl.itc.u-tokyo.ac.jp/repo/s/kitani,https://iiif.dl.itc.u-tokyo.ac.jp/repo/s/kitani/document/ddce1d3d-4a76-0ca1-a0d8-9e8f1fcc5c5d,https://www.lib.u-tokyo.ac.jp/ja/library/komaba/user-guide/special-use/archives-data,https://iiif.dl.itc.u-tokyo.ac.jp/repo/files/medium/8b86c842a1b19da5e9f9f51453bffc2ef83530ee.jpg,https://iiif.dl.itc.u-tokyo.ac.jp/repo/api/items/1406701,"東京大学駒場図書館 Komaba Library, The University of Tokyo, JAPAN",http://iiif.io/api/presentation/2#rightToLeftDirection,,木谷文庫,0074,https://iiif.dl.itc.u-tokyo.ac.jp/repo/iiif/ddce1d3d-4a76-0ca1-a0d8-9e8f1fcc5c5d/manifest,,,,,4
